id,full_name,email,phone,role_applied,department,experience_years,created_at
1,Keith Ross,keith.ross4278@example.com,(813) 383-4772,QA Lead,Product,24,2024-01-23 12:46:00
2,Kyle Simpson,kyle.simpson9824@example.com,(291) 838-9016,UX Designer,Human Resources,23,2024-05-30 11:50:00
3,Douglas Jimenez,douglas.jimenez4483@example.com,(355) 672-3932,Systems Admin,Quality Assurance,2,2024-05-15 18:49:00
4,Daniel Reynolds,daniel.reynolds6183@example.com,(612) 243-5413,Data Analyst,Engineering,13,2024-02-22 13:59:00
5,Rose Lee,rose.lee8570@example.com,(731) 402-8580,Data Scientist,Quality Assurance,4,2024-02-25 10:47:00
6,Dylan Rivera,dylan.rivera9244@example.com,(876) 380-1607,DevOps Engineer,Engineering,5,2024-05-01 18:52:00
7,Terry Lee,terry.lee7970@example.com,(847) 288-3341,Project Coordinator,Cybersecurity,0,2024-04-07 13:08:00
8,Marilyn Russell,marilyn.russell4289@example.com,(256) 855-4464,Business Analyst,Design,17,2024-04-13 10:22:00
9,Louis Anderson,louis.anderson3145@example.com,(956) 935-3464,Technical Lead,Human Resources,3,2024-01-25 09:09:00
10,Pamela Hall,pamela.hall3910@example.com,(619) 349-4400,Data Analyst,Quality Assurance,24,2024-05-07 11:54:00
11,Shirley Walker,shirley.walker6926@example.com,(390) 894-2186,ML Engineer,Design,0,2024-05-29 08:21:00
12,Sharon Long,sharon.long7538@example.com,(544) 608-7323,HR Specialist,Quality Assurance,17,2024-01-24 10:56:00
13,Elizabeth Myers,elizabeth.myers7530@example.com,(989) 654-4771,Project Coordinator,Operations,20,2024-03-20 09:55:00
14,Samuel Parker,samuel.parker5091@example.com,(592) 503-8178,Product Manager,Sales,13,2024-03-06 09:32:00
15,Pamela Chavez,pamela.chavez8816@example.com,(746) 330-5207,HR Specialist,Design,13,2024-02-10 12:24:00
16,Lawrence Roberts,lawrence.roberts7223@example.com,(544) 402-6658,Software Engineer,Quality Assurance,22,2024-03-16 11:57:00
17,Carol Gutierrez,carol.gutierrez7827@example.com,(960) 970-4788,HR Specialist,Quality Assurance,21,2024-04-12 08:07:00
18,Julia Phillips,julia.phillips1021@example.com,(734) 517-3742,ML Engineer,Sales,6,2024-03-08 14:29:00
19,Alexis Simpson,alexis.simpson5710@example.com,(405) 956-1337,DevOps Engineer,Design,2,2024-05-28 08:03:00
20,Gerald Kim,gerald.kim7049@example.com,(770) 841-5836,UX Designer,Data Science,25,2024-04-11 14:50:00
21,Brian Ortiz,brian.ortiz8550@example.com,(536) 331-3140,Business Analyst,Human Resources,13,2024-05-23 10:23:00
22,Nicholas Turner,nicholas.turner5482@example.com,(674) 786-7269,Backend Developer,Sales,18,2024-05-01 18:10:00
23,Karen Morris,karen.morris8534@example.com,(735) 215-2881,Security Analyst,Sales,2,2024-03-26 18:46:00
24,Mary Peterson,mary.peterson1196@example.com,(796) 526-7781,Cloud Architect,Product,4,2024-05-30 08:25:00
25,Elizabeth Gonzalez,elizabeth.gonzalez6609@example.com,(723) 435-5786,Backend Developer,Sales,1,2024-04-16 11:51:00
26,Edward Robinson,edward.robinson8940@example.com,(375) 479-5513,Full Stack Dev,Data Science,17,2024-02-20 16:11:00
27,Aaron Lee,aaron.lee2860@example.com,(942) 328-3243,Frontend Developer,Information Technology,2,2024-01-09 16:41:00
28,Peter Nelson,peter.nelson6798@example.com,(934) 437-3639,Security Analyst,Engineering,10,2024-04-21 11:19:00
29,Amanda Lewis,amanda.lewis3401@example.com,(708) 858-9540,Software Engineer,Operations,12,2024-01-25 11:36:00
30,Dylan Lee,dylan.lee3644@example.com,(370) 992-8273,Full Stack Dev,Design,10,2024-05-30 08:37:00
31,Harold Garcia,harold.garcia5925@example.com,(362) 335-1184,Project Coordinator,Information Technology,9,2024-03-15 09:31:00
32,Arthur Jackson,arthur.jackson1660@example.com,(562) 367-6199,Security Analyst,Quality Assurance,25,2024-01-09 14:52:00
33,Helen Collins,helen.collins9978@example.com,(354) 910-1303,Project Coordinator,Human Resources,13,2024-05-11 11:11:00
34,Amber Sullivan,amber.sullivan1894@example.com,(417) 447-5256,Backend Developer,Cybersecurity,3,2024-04-21 08:36:00
35,Linda Phillips,linda.phillips3158@example.com,(384) 844-5922,Data Scientist,Design,5,2024-05-28 14:09:00
36,James Martinez,james.martinez9240@example.com,(605) 656-2212,Backend Developer,Cybersecurity,7,2024-03-28 14:08:00
37,Wayne White,wayne.white7055@example.com,(714) 363-4811,Systems Admin,Sales,6,2024-01-26 14:39:00
38,Stephanie Hall,stephanie.hall3205@example.com,(686) 955-5070,Backend Developer,Design,5,2024-05-12 18:51:00
39,Teresa Martin,teresa.martin4845@example.com,(446) 737-4715,HR Specialist,Human Resources,16,2024-05-23 09:15:00
40,Nicholas Chavez,nicholas.chavez6475@example.com,(707) 393-2589,Software Engineer,Engineering,13,2024-01-16 13:12:00
41,Richard Howard,richard.howard4032@example.com,(474) 887-5176,Software Engineer,Cybersecurity,16,2024-03-16 11:46:00
42,Nathan Robinson,nathan.robinson3609@example.com,(552) 598-3331,Project Coordinator,Information Technology,8,2024-02-20 15:03:00
43,Michael Price,michael.price4794@example.com,(344) 822-2283,Mobile Developer,Engineering,11,2024-03-22 14:15:00
44,Brittany Flores,brittany.flores2213@example.com,(222) 229-3882,UX Designer,Operations,10,2024-03-06 09:41:00
45,James Fisher,james.fisher2867@example.com,(873) 646-2326,Full Stack Dev,Sales,13,2024-05-22 14:49:00
46,Alexis Ortiz,alexis.ortiz6358@example.com,(929) 553-2911,Cloud Architect,Information Technology,7,2024-01-17 08:14:00
47,Jonathan Wood,jonathan.wood2678@example.com,(477) 514-4983,UX Designer,Sales,21,2024-04-23 16:01:00
48,Angela Martin,angela.martin7282@example.com,(324) 955-1290,Project Coordinator,Sales,24,2024-04-23 14:50:00
49,Alexander Ellis,alexander.ellis4853@example.com,(819) 910-9758,DevOps Engineer,Design,12,2024-02-23 09:37:00
50,Anna Patterson,anna.patterson9029@example.com,(546) 809-2394,Software Engineer,Engineering,18,2024-01-22 18:08:00
51,Roger Roberts,roger.roberts7936@example.com,(878) 873-1290,Software Engineer,Data Science,25,2024-03-23 11:13:00
52,Margaret Brown,margaret.brown8040@example.com,(493) 387-3209,Project Coordinator,Product,22,2024-04-16 09:19:00
53,Melissa Butler,melissa.butler7326@example.com,(846) 298-2272,Cloud Architect,Information Technology,9,2024-03-05 10:48:00
54,Stephen Young,stephen.young1575@example.com,(966) 819-2144,Cloud Architect,Sales,12,2024-02-02 12:38:00
55,Alan Parker,alan.parker9218@example.com,(513) 658-5133,ML Engineer,Design,20,2024-02-17 15:18:00
56,Joshua Carter,joshua.carter6392@example.com,(722) 331-9232,QA Lead,Cybersecurity,11,2024-05-12 09:14:00
57,Lori Fisher,lori.fisher3368@example.com,(786) 200-6533,Mobile Developer,Cybersecurity,25,2024-01-22 08:27:00
58,Daniel Henderson,daniel.henderson8502@example.com,(309) 285-1078,UX Designer,Data Science,24,2024-03-02 12:12:00
59,Sandra Nguyen,sandra.nguyen5224@example.com,(925) 517-3838,Data Analyst,Operations,2,2024-01-29 13:01:00
60,Sharon Kim,sharon.kim7627@example.com,(542) 716-1701,Business Analyst,Design,15,2024-05-18 17:22:00
61,Sharon Hughes,sharon.hughes3141@example.com,(244) 919-6326,Data Analyst,Operations,6,2024-05-13 17:27:00
62,Louis Adams,louis.adams6694@example.com,(770) 380-9485,Data Analyst,Design,0,2024-01-05 17:37:00
63,Jerry Flores,jerry.flores3102@example.com,(646) 246-2119,Data Analyst,Quality Assurance,21,2024-05-22 12:53:00
64,Adam Hall,adam.hall6388@example.com,(909) 991-2646,Data Analyst,Design,1,2024-03-28 14:12:00
65,Kenneth Hernandez,kenneth.hernandez3876@example.com,(843) 294-8779,Mobile Developer,Human Resources,17,2024-05-19 14:23:00
66,Zachary Gutierrez,zachary.gutierrez2721@example.com,(408) 996-6762,Frontend Developer,Data Science,8,2024-01-26 08:23:00
67,Ethan Watson,ethan.watson4881@example.com,(807) 327-5740,Cloud Architect,Human Resources,4,2024-02-04 18:56:00
68,Kimberly Kelly,kimberly.kelly1443@example.com,(761) 720-9766,Cloud Architect,Product,7,2024-04-15 16:35:00
69,Steven Ortiz,steven.ortiz5969@example.com,(644) 960-7289,Product Manager,Quality Assurance,0,2024-05-05 11:30:00
70,Thomas Bryant,thomas.bryant5940@example.com,(447) 998-9314,Data Scientist,Product,14,2024-01-18 13:35:00
71,Kimberly Price,kimberly.price9775@example.com,(241) 266-1246,UX Designer,Engineering,14,2024-02-21 18:33:00
72,Bryan Bryant,bryan.bryant1051@example.com,(421) 945-1731,Technical Lead,Operations,4,2024-04-20 10:56:00
73,Steven Alexander,steven.alexander5727@example.com,(823) 221-1534,Project Coordinator,Engineering,20,2024-01-09 18:15:00
74,Kayla Powell,kayla.powell7085@example.com,(977) 710-3231,Project Coordinator,Cybersecurity,11,2024-02-08 08:50:00
75,Patrick Myers,patrick.myers9786@example.com,(405) 882-7797,Cloud Architect,Product,16,2024-03-06 15:53:00
76,Charles Jimenez,charles.jimenez7757@example.com,(937) 466-5969,Site Reliability Engineer,Engineering,17,2024-02-14 08:44:00
77,Nicholas Reyes,nicholas.reyes3832@example.com,(890) 929-1291,Backend Developer,Information Technology,7,2024-03-17 12:20:00
78,Walter Alvarez,walter.alvarez7571@example.com,(365) 471-7136,Backend Developer,Engineering,4,2024-05-20 15:29:00
79,Anna Moreno,anna.moreno6218@example.com,(949) 846-3905,Security Analyst,Cybersecurity,4,2024-01-13 16:25:00
80,Lori Flores,lori.flores8652@example.com,(417) 712-2928,Mobile Developer,Quality Assurance,24,2024-04-18 16:20:00
81,Patrick Parker,patrick.parker2054@example.com,(291) 429-5052,Mobile Developer,Product,7,2024-04-14 11:21:00
82,Charles Mitchell,charles.mitchell1975@example.com,(942) 257-2411,Site Reliability Engineer,Human Resources,6,2024-03-08 15:21:00
83,Teresa Johnson,teresa.johnson3989@example.com,(868) 769-8023,Technical Lead,Human Resources,10,2024-03-11 10:39:00
84,Andrew Moreno,andrew.moreno7133@example.com,(907) 339-8921,Business Analyst,Sales,5,2024-04-26 18:33:00
85,Juan Kim,juan.kim9777@example.com,(657) 829-8601,DevOps Engineer,Sales,1,2024-04-26 11:07:00
86,Jerry Cole,jerry.cole1190@example.com,(590) 646-6150,Data Scientist,Operations,4,2024-02-01 16:27:00
87,Diana Smith,diana.smith2851@example.com,(329) 802-4093,Frontend Developer,Operations,24,2024-03-05 08:22:00
88,Jessica Lopez,jessica.lopez4288@example.com,(239) 397-4599,Technical Lead,Operations,6,2024-05-12 08:11:00
89,Billy Ortiz,billy.ortiz8803@example.com,(560) 575-6681,Security Analyst,Operations,9,2024-01-05 18:28:00
90,Anthony Nelson,anthony.nelson1673@example.com,(418) 609-5626,Full Stack Dev,Quality Assurance,5,2024-04-30 13:41:00
91,Nicole Wallace,nicole.wallace9098@example.com,(214) 680-1469,Cloud Architect,Information Technology,19,2024-01-24 13:06:00
92,Linda Henderson,linda.henderson7112@example.com,(906) 921-1057,Backend Developer,Quality Assurance,11,2024-04-03 17:21:00
93,Helen Brooks,helen.brooks5346@example.com,(599) 371-4781,Project Coordinator,Information Technology,2,2024-01-23 18:30:00
94,Christopher Lee,christopher.lee4312@example.com,(314) 552-7369,Security Analyst,Operations,7,2024-01-14 10:35:00
95,Nicholas Jenkins,nicholas.jenkins3750@example.com,(866) 207-6589,Security Analyst,Operations,12,2024-03-09 15:47:00
96,Amanda Baker,amanda.baker1375@example.com,(872) 263-3543,Data Scientist,Design,11,2024-04-30 10:03:00
97,Emily Kelly,emily.kelly6798@example.com,(792) 465-5050,Security Analyst,Operations,1,2024-03-04 12:27:00
98,Mark Perez,mark.perez3883@example.com,(201) 852-4159,Security Analyst,Sales,12,2024-04-02 10:39:00
99,Cynthia Diaz,cynthia.diaz8014@example.com,(721) 664-5600,HR Specialist,Operations,14,2024-02-28 12:33:00
100,Elizabeth Parker,elizabeth.parker6570@example.com,(678) 954-4362,DevOps Engineer,Information Technology,22,2024-01-10 10:02:00
101,Ronald Cooper,ronald.cooper8165@example.com,(215) 272-2426,Backend Developer,Engineering,7,2024-01-23 09:04:00
102,Sarah Lee,sarah.lee1311@example.com,(940) 475-7085,Full Stack Dev,Product,14,2024-04-08 17:03:00
103,Arthur Campbell,arthur.campbell8686@example.com,(400) 724-8587,Security Analyst,Data Science,11,2024-02-14 12:42:00
104,Brandon Hernandez,brandon.hernandez4545@example.com,(887) 405-1729,ML Engineer,Information Technology,10,2024-03-01 17:29:00
105,Mark Cooper,mark.cooper7821@example.com,(962) 416-3028,Data Scientist,Product,15,2024-01-31 10:12:00
106,Kimberly Baker,kimberly.baker7981@example.com,(279) 802-5338,Product Manager,Operations,6,2024-05-12 16:01:00
107,Lawrence Patterson,lawrence.patterson5438@example.com,(961) 791-5158,ML Engineer,Sales,4,2024-05-23 15:34:00
108,Jerry Wallace,jerry.wallace5015@example.com,(724) 822-2781,Frontend Developer,Data Science,20,2024-01-18 10:38:00
109,Jacob Simpson,jacob.simpson3053@example.com,(736) 799-7868,Project Coordinator,Engineering,9,2024-04-08 10:42:00
110,Adam Wilson,adam.wilson2181@example.com,(814) 402-9341,Cloud Architect,Quality Assurance,4,2024-02-09 18:49:00
111,Alan Hughes,alan.hughes8588@example.com,(372) 551-7104,QA Lead,Operations,21,2024-03-12 12:14:00
112,Teresa Clark,teresa.clark8904@example.com,(914) 786-3050,Site Reliability Engineer,Design,20,2024-03-06 15:55:00
113,Brian Parker,brian.parker5984@example.com,(969) 229-9548,Business Analyst,Design,0,2024-04-03 08:49:00
114,Zachary Allen,zachary.allen9792@example.com,(478) 774-2476,Frontend Developer,Human Resources,24,2024-05-11 17:38:00
115,George Myers,george.myers4189@example.com,(359) 224-9385,DevOps Engineer,Sales,3,2024-04-21 12:42:00
116,Teresa Perry,teresa.perry9514@example.com,(959) 698-1048,Technical Lead,Data Science,14,2024-05-28 17:38:00
117,Henry Morales,henry.morales6648@example.com,(531) 305-1405,DevOps Engineer,Product,23,2024-03-03 12:57:00
118,Tiffany Turner,tiffany.turner4748@example.com,(779) 688-1727,Project Coordinator,Operations,12,2024-04-28 12:58:00
119,Joseph Rivera,joseph.rivera4381@example.com,(803) 288-2369,Mobile Developer,Product,17,2024-04-21 17:09:00
120,Rebecca Barnes,rebecca.barnes5886@example.com,(308) 285-2122,Security Analyst,Sales,4,2024-02-29 16:59:00
121,Karen Moore,karen.moore7543@example.com,(452) 724-5789,Site Reliability Engineer,Operations,17,2024-03-25 17:27:00
122,Frank Baker,frank.baker8349@example.com,(339) 961-4779,Frontend Developer,Human Resources,14,2024-05-03 12:56:00
123,Douglas Ross,douglas.ross6745@example.com,(277) 835-9435,Data Scientist,Operations,15,2024-05-13 18:34:00
124,Jennifer Simmons,jennifer.simmons7992@example.com,(744) 258-4583,Product Manager,Sales,18,2024-04-15 15:01:00
125,Edward Edwards,edward.edwards2239@example.com,(454) 745-7363,Backend Developer,Product,20,2024-02-27 13:24:00
126,Jose Taylor,jose.taylor8852@example.com,(232) 972-4242,HR Specialist,Information Technology,12,2024-02-04 08:57:00
127,Samuel Chavez,samuel.chavez4193@example.com,(476) 573-3000,QA Lead,Sales,9,2024-04-27 13:39:00
128,Walter Green,walter.green1457@example.com,(275) 796-9401,Data Scientist,Information Technology,23,2024-03-22 16:52:00
129,Justin Hamilton,justin.hamilton1592@example.com,(955) 246-8743,Backend Developer,Product,9,2024-04-06 13:02:00
130,Deborah Morgan,deborah.morgan8854@example.com,(782) 793-7494,Data Scientist,Operations,19,2024-01-23 15:33:00
131,Michelle Parker,michelle.parker3680@example.com,(932) 998-8785,Security Analyst,Data Science,15,2024-05-08 09:28:00
132,Donna Anderson,donna.anderson9656@example.com,(358) 601-4754,QA Lead,Design,23,2024-02-04 18:09:00
133,Jennifer Rogers,jennifer.rogers5574@example.com,(555) 680-4255,Mobile Developer,Sales,18,2024-03-20 09:33:00
134,Lauren Wilson,lauren.wilson7062@example.com,(432) 861-3096,Security Analyst,Engineering,0,2024-02-03 14:32:00
135,Robert Mendoza,robert.mendoza9542@example.com,(645) 999-7212,Full Stack Dev,Operations,24,2024-01-18 13:36:00
136,Kevin Torres,kevin.torres2772@example.com,(239) 758-6769,Mobile Developer,Engineering,10,2024-03-15 12:09:00
137,Karen Morales,karen.morales1883@example.com,(493) 299-9715,Product Manager,Cybersecurity,13,2024-05-13 09:19:00
138,Teresa Sanchez,teresa.sanchez8575@example.com,(428) 358-3227,Full Stack Dev,Data Science,10,2024-05-10 12:56:00
139,Austin Jackson,austin.jackson4492@example.com,(803) 981-9039,Backend Developer,Quality Assurance,20,2024-05-18 17:17:00
140,Juan Young,juan.young1234@example.com,(365) 820-1651,Product Manager,Operations,11,2024-05-10 15:33:00
141,Sharon Foster,sharon.foster8301@example.com,(380) 402-9167,Technical Lead,Quality Assurance,9,2024-04-24 09:00:00
142,Richard Gray,richard.gray7455@example.com,(459) 445-5916,Project Coordinator,Data Science,4,2024-05-28 08:04:00
143,Frank Gray,frank.gray4197@example.com,(385) 432-8043,Backend Developer,Operations,1,2024-05-29 08:46:00
144,James Wood,james.wood1493@example.com,(641) 658-5239,Full Stack Dev,Operations,17,2024-02-27 14:15:00
145,Stephen Reyes,stephen.reyes2753@example.com,(544) 255-1028,Product Manager,Data Science,19,2024-01-13 18:25:00
146,George Edwards,george.edwards9854@example.com,(778) 289-5092,Full Stack Dev,Sales,18,2024-04-14 10:16:00
147,Keith Phillips,keith.phillips8343@example.com,(515) 592-8485,Cloud Architect,Quality Assurance,15,2024-05-13 11:46:00
148,Juan Scott,juan.scott7111@example.com,(420) 792-7850,Cloud Architect,Sales,16,2024-03-16 12:54:00
149,Brandon Alvarez,brandon.alvarez4327@example.com,(466) 378-5715,DevOps Engineer,Design,1,2024-03-16 14:43:00
150,Deborah Romero,deborah.romero3005@example.com,(610) 380-7402,DevOps Engineer,Sales,19,2024-04-27 11:03:00
151,Linda Hayes,linda.hayes9903@example.com,(901) 821-4564,Data Scientist,Data Science,1,2024-03-21 15:33:00
152,Cynthia Ward,cynthia.ward4955@example.com,(902) 465-6436,Systems Admin,Human Resources,3,2024-01-25 09:29:00
153,Brian Evans,brian.evans4149@example.com,(873) 843-1093,Frontend Developer,Information Technology,17,2024-05-09 11:45:00
154,Jerry Hill,jerry.hill5849@example.com,(389) 976-1422,Full Stack Dev,Quality Assurance,8,2024-01-30 09:12:00
155,Danielle Sanders,danielle.sanders5813@example.com,(615) 840-4101,Security Analyst,Design,12,2024-03-10 16:05:00
156,Keith Harris,keith.harris6499@example.com,(831) 201-9177,Data Analyst,Data Science,11,2024-02-05 10:53:00
157,Austin Graham,austin.graham6706@example.com,(267) 608-4034,Site Reliability Engineer,Sales,12,2024-03-23 15:39:00
158,Carl Carter,carl.carter8909@example.com,(466) 320-2974,Systems Admin,Product,15,2024-03-16 10:51:00
159,Dylan Jimenez,dylan.jimenez2921@example.com,(214) 810-6065,Data Scientist,Engineering,2,2024-05-28 08:03:00
160,Sean Long,sean.long6071@example.com,(810) 534-7291,DevOps Engineer,Information Technology,20,2024-02-07 15:50:00
161,Ashley Barnes,ashley.barnes8410@example.com,(418) 334-1984,Site Reliability Engineer,Engineering,8,2024-01-10 09:03:00
162,Walter Hall,walter.hall1525@example.com,(608) 787-2075,Security Analyst,Operations,22,2024-02-27 18:22:00
163,Doris Bailey,doris.bailey2979@example.com,(728) 461-1276,Data Scientist,Quality Assurance,21,2024-02-05 13:40:00
164,Mary Romero,mary.romero8778@example.com,(801) 893-9953,Backend Developer,Sales,3,2024-01-29 08:25:00
165,Jonathan Baker,jonathan.baker2256@example.com,(994) 670-7418,UX Designer,Quality Assurance,10,2024-01-07 10:19:00
166,Amy Jimenez,amy.jimenez1934@example.com,(258) 821-2882,ML Engineer,Cybersecurity,10,2024-01-03 08:09:00
167,Douglas Cox,douglas.cox5685@example.com,(377) 983-7129,Product Manager,Data Science,4,2024-04-06 12:12:00
168,Natalie Gomez,natalie.gomez5580@example.com,(696) 960-9279,Software Engineer,Product,17,2024-02-09 14:19:00
169,Frank Miller,frank.miller7452@example.com,(771) 893-3821,Data Analyst,Human Resources,12,2024-04-09 11:07:00
170,Paul Ramos,paul.ramos8119@example.com,(740) 622-9486,Systems Admin,Data Science,7,2024-03-30 14:53:00
171,Mary Ramirez,mary.ramirez5753@example.com,(433) 963-4906,Technical Lead,Human Resources,19,2024-05-02 16:58:00
172,Terry Jones,terry.jones9269@example.com,(737) 514-4412,Data Scientist,Data Science,20,2024-02-16 08:32:00
173,Gregory Williams,gregory.williams6194@example.com,(986) 946-4380,Cloud Architect,Human Resources,6,2024-04-26 11:03:00
174,George Barnes,george.barnes2544@example.com,(927) 392-8951,Full Stack Dev,Operations,20,2024-04-20 13:32:00
175,Gerald Stewart,gerald.stewart3472@example.com,(337) 223-5657,Site Reliability Engineer,Design,3,2024-05-29 11:42:00
176,Angela Garcia,angela.garcia4913@example.com,(607) 452-2350,Business Analyst,Operations,16,2024-04-28 10:07:00
177,Ryan Vasquez,ryan.vasquez2151@example.com,(584) 410-7094,Full Stack Dev,Sales,3,2024-01-23 10:21:00
178,Alexander Garcia,alexander.garcia8323@example.com,(657) 550-4802,HR Specialist,Operations,14,2024-04-17 14:07:00
179,Stephen Moore,stephen.moore3174@example.com,(275) 267-3308,Security Analyst,Quality Assurance,19,2024-03-29 08:21:00
180,Karen Flores,karen.flores9479@example.com,(448) 445-1193,Data Scientist,Design,15,2024-04-15 10:27:00
181,Eugene Carter,eugene.carter5944@example.com,(915) 860-5735,Product Manager,Engineering,25,2024-01-26 11:49:00
182,Dylan Romero,dylan.romero6176@example.com,(217) 856-7314,Mobile Developer,Engineering,9,2024-04-05 08:48:00
183,Arthur Alexander,arthur.alexander4437@example.com,(471) 630-6430,Software Engineer,Product,25,2024-03-20 13:39:00
184,Jeremy Powell,jeremy.powell3216@example.com,(403) 623-8891,Product Manager,Quality Assurance,13,2024-04-22 10:34:00
185,Jerry Sanders,jerry.sanders8690@example.com,(390) 938-1591,Frontend Developer,Engineering,21,2024-05-25 13:53:00
186,Kathleen Russell,kathleen.russell2808@example.com,(519) 274-6761,Cloud Architect,Data Science,1,2024-03-08 10:53:00
187,Jonathan Gutierrez,jonathan.gutierrez8448@example.com,(320) 658-5907,UX Designer,Human Resources,17,2024-01-03 10:44:00
188,Richard Ruiz,richard.ruiz9037@example.com,(367) 312-5089,Data Scientist,Sales,0,2024-05-12 10:37:00
189,Anna White,anna.white1863@example.com,(298) 521-6161,Data Analyst,Product,22,2024-02-25 12:44:00
190,Brian Harris,brian.harris5300@example.com,(661) 789-1509,UX Designer,Information Technology,25,2024-01-14 16:09:00
191,Nancy Castillo,nancy.castillo1732@example.com,(885) 450-2523,HR Specialist,Engineering,17,2024-01-30 13:50:00
192,Ethan Miller,ethan.miller8862@example.com,(285) 506-2563,Data Scientist,Sales,3,2024-05-04 11:52:00
193,Jeffrey Ruiz,jeffrey.ruiz4079@example.com,(357) 758-1174,Project Coordinator,Information Technology,7,2024-02-15 18:30:00
194,Eugene Gibson,eugene.gibson1432@example.com,(863) 856-2974,Systems Admin,Quality Assurance,17,2024-02-22 11:22:00
195,Gerald Gonzales,gerald.gonzales4087@example.com,(315) 203-9443,Full Stack Dev,Data Science,10,2024-02-15 16:23:00
196,Brittany Sanders,brittany.sanders5913@example.com,(870) 793-1092,Backend Developer,Operations,1,2024-02-19 17:43:00
197,Jerry Stewart,jerry.stewart2649@example.com,(860) 399-7501,Site Reliability Engineer,Design,16,2024-03-26 12:31:00
198,Eric Coleman,eric.coleman8188@example.com,(759) 547-5182,Systems Admin,Operations,7,2024-03-05 17:47:00
199,Austin Gonzalez,austin.gonzalez9029@example.com,(478) 611-8223,Software Engineer,Product,15,2024-02-29 14:35:00
200,Cynthia West,cynthia.west9359@example.com,(460) 575-7634,HR Specialist,Design,22,2024-04-01 10:12:00
201,Donna Ross,donna.ross9974@example.com,(678) 837-9544,Frontend Developer,Sales,3,2024-02-14 16:28:00
202,Pamela Ramirez,pamela.ramirez1999@example.com,(620) 814-7654,Data Analyst,Sales,16,2024-05-26 18:31:00
203,Donald Hall,donald.hall5443@example.com,(271) 807-3367,Security Analyst,Design,11,2024-03-01 08:41:00
204,Jason Nguyen,jason.nguyen7749@example.com,(452) 791-6685,Security Analyst,Sales,18,2024-05-13 10:39:00
205,Ashley Jackson,ashley.jackson7732@example.com,(615) 524-5700,Frontend Developer,Engineering,13,2024-03-25 11:03:00
206,Helen Watson,helen.watson4250@example.com,(219) 501-3907,ML Engineer,Sales,18,2024-04-04 10:57:00
207,Donald Bryant,donald.bryant3995@example.com,(769) 386-2864,Mobile Developer,Human Resources,2,2024-02-16 18:59:00
208,Daniel Hayes,daniel.hayes2260@example.com,(351) 677-9532,Cloud Architect,Information Technology,9,2024-05-12 16:50:00
209,Gerald Fisher,gerald.fisher6969@example.com,(635) 404-2667,Frontend Developer,Sales,24,2024-05-15 17:51:00
210,Mark Cruz,mark.cruz9369@example.com,(818) 439-6786,Project Coordinator,Sales,20,2024-02-13 12:14:00
211,Danielle Moreno,danielle.moreno8656@example.com,(526) 236-5389,QA Lead,Data Science,12,2024-01-27 18:43:00
212,Dorothy Jimenez,dorothy.jimenez2691@example.com,(411) 670-7664,Data Analyst,Design,20,2024-01-10 16:13:00
213,Eugene White,eugene.white3318@example.com,(360) 319-9553,Technical Lead,Operations,4,2024-03-08 18:19:00
214,Frank Wilson,frank.wilson8924@example.com,(771) 473-6375,Business Analyst,Product,20,2024-05-07 18:56:00
215,Joshua Rivera,joshua.rivera5426@example.com,(780) 644-2432,Site Reliability Engineer,Information Technology,25,2024-01-28 18:09:00
216,Jacob Cole,jacob.cole5824@example.com,(948) 736-9948,Project Coordinator,Information Technology,7,2024-04-15 08:31:00
217,Ronald Davis,ronald.davis5074@example.com,(248) 208-1367,DevOps Engineer,Sales,6,2024-04-15 17:28:00
218,Sarah Taylor,sarah.taylor2434@example.com,(307) 265-8290,Technical Lead,Cybersecurity,17,2024-03-12 12:56:00
219,Juan Ward,juan.ward6460@example.com,(599) 761-5174,Technical Lead,Human Resources,14,2024-03-20 08:03:00
220,Susan Reed,susan.reed7661@example.com,(786) 291-8679,Systems Admin,Information Technology,19,2024-02-04 11:45:00
221,Robert Jackson,robert.jackson4655@example.com,(913) 628-9710,DevOps Engineer,Cybersecurity,18,2024-03-25 13:22:00
222,Louis Robinson,louis.robinson3229@example.com,(976) 210-3377,Product Manager,Quality Assurance,2,2024-05-29 14:40:00
223,Douglas Kelly,douglas.kelly6857@example.com,(741) 882-4300,Business Analyst,Engineering,12,2024-03-17 10:04:00
224,Andrew Campbell,andrew.campbell1330@example.com,(620) 256-9954,Product Manager,Design,12,2024-05-07 09:42:00
225,Cynthia Harris,cynthia.harris2122@example.com,(917) 742-7313,Technical Lead,Quality Assurance,6,2024-03-31 11:07:00
226,Doris Price,doris.price6940@example.com,(935) 504-3836,HR Specialist,Product,18,2024-02-05 14:35:00
227,Richard Evans,richard.evans7800@example.com,(299) 241-6447,Project Coordinator,Operations,8,2024-01-13 11:07:00
228,Bryan Peterson,bryan.peterson2510@example.com,(646) 375-1619,DevOps Engineer,Product,18,2024-05-28 16:01:00
229,Lawrence Johnson,lawrence.johnson2183@example.com,(266) 575-1176,Mobile Developer,Engineering,19,2024-04-13 10:16:00
230,Cynthia Garcia,cynthia.garcia2538@example.com,(999) 207-6975,Technical Lead,Product,2,2024-04-27 15:57:00
231,Gerald Stewart,gerald.stewart6172@example.com,(887) 406-8426,Backend Developer,Data Science,15,2024-01-15 18:02:00
232,Scott Hall,scott.hall6707@example.com,(784) 426-2106,Cloud Architect,Information Technology,12,2024-02-15 18:23:00
233,Alexis Diaz,alexis.diaz5774@example.com,(325) 871-1808,QA Lead,Sales,22,2024-05-23 18:52:00
234,Lawrence Johnson,lawrence.johnson1412@example.com,(276) 965-3617,Cloud Architect,Sales,25,2024-05-27 09:18:00
235,Anna Torres,anna.torres1324@example.com,(379) 850-9564,Systems Admin,Sales,24,2024-05-28 10:48:00
236,Jordan Phillips,jordan.phillips8229@example.com,(441) 509-1693,Systems Admin,Design,5,2024-01-14 12:42:00
237,Gerald Gibson,gerald.gibson6331@example.com,(904) 363-7257,Product Manager,Sales,4,2024-05-04 17:12:00
238,Nancy Wood,nancy.wood8225@example.com,(599) 685-4507,Data Scientist,Sales,24,2024-02-02 11:15:00
239,Nathan Rivera,nathan.rivera5076@example.com,(647) 683-9817,UX Designer,Engineering,1,2024-02-19 12:50:00
240,Natalie Robinson,natalie.robinson2038@example.com,(375) 853-7219,ML Engineer,Human Resources,0,2024-05-17 09:55:00
241,Teresa Bennett,teresa.bennett2635@example.com,(743) 285-9432,Project Coordinator,Human Resources,2,2024-03-21 16:43:00
242,Jennifer Ruiz,jennifer.ruiz9508@example.com,(859) 658-6156,Project Coordinator,Design,2,2024-04-12 08:43:00
243,Amber Parker,amber.parker3078@example.com,(951) 829-7126,Product Manager,Engineering,0,2024-05-18 14:00:00
244,Jessica Fisher,jessica.fisher3616@example.com,(209) 862-7081,Project Coordinator,Sales,13,2024-01-04 08:58:00
245,Keith Richardson,keith.richardson4526@example.com,(442) 988-2307,Security Analyst,Quality Assurance,4,2024-01-31 08:51:00
246,Julia Morgan,julia.morgan4300@example.com,(393) 470-7960,Backend Developer,Sales,16,2024-02-16 11:43:00
247,Doris Brooks,doris.brooks8202@example.com,(690) 536-9634,Software Engineer,Sales,6,2024-04-27 14:07:00
248,Barbara Thomas,barbara.thomas1713@example.com,(930) 706-4830,Mobile Developer,Design,1,2024-05-12 17:52:00
249,Ashley Cook,ashley.cook4734@example.com,(362) 361-6773,UX Designer,Quality Assurance,12,2024-04-06 16:18:00
250,Emma Castillo,emma.castillo5052@example.com,(692) 735-6187,Project Coordinator,Engineering,14,2024-05-07 14:24:00
251,Raymond Baker,raymond.baker2078@example.com,(990) 954-7307,Cloud Architect,Cybersecurity,11,2024-01-11 14:38:00
252,Noah Brooks,noah.brooks6224@example.com,(642) 498-5966,Systems Admin,Sales,8,2024-02-28 18:23:00
253,Ashley Jones,ashley.jones2927@example.com,(454) 427-1946,Systems Admin,Human Resources,13,2024-05-04 14:24:00
254,Bryan Bailey,bryan.bailey7117@example.com,(329) 717-9018,Site Reliability Engineer,Operations,4,2024-01-01 17:49:00
255,Roger Allen,roger.allen3925@example.com,(815) 720-2833,Technical Lead,Operations,20,2024-05-17 16:36:00
256,Scott Ward,scott.ward7930@example.com,(789) 253-1201,Software Engineer,Quality Assurance,18,2024-02-21 15:55:00
257,Sean Evans,sean.evans4936@example.com,(539) 634-6622,Product Manager,Information Technology,2,2024-01-29 18:27:00
258,Michelle Long,michelle.long5434@example.com,(475) 310-2676,Security Analyst,Information Technology,2,2024-02-17 12:10:00
259,Roger Perry,roger.perry9133@example.com,(778) 357-9971,HR Specialist,Cybersecurity,24,2024-01-30 11:33:00
260,Denise Pascual,denise.pascual9096@example.com,(442) 496-1305,Business Analyst,Sales,14,2024-01-14 11:23:00
261,Barbara Ross,barbara.ross3859@example.com,(653) 797-4928,Data Analyst,Quality Assurance,24,2024-05-06 17:32:00
262,Justin Evans,justin.evans3816@example.com,(322) 360-2712,DevOps Engineer,Operations,0,2024-03-28 17:25:00
263,Joshua Watson,joshua.watson2993@example.com,(273) 829-9388,Frontend Developer,Information Technology,24,2024-03-16 13:40:00
264,Donna Wright,donna.wright9513@example.com,(493) 890-5465,Site Reliability Engineer,Data Science,12,2024-03-05 08:32:00
265,Kenneth Romero,kenneth.romero5922@example.com,(219) 490-1143,ML Engineer,Sales,3,2024-03-12 12:09:00
266,Dylan Mendoza,dylan.mendoza1346@example.com,(746) 217-7296,Backend Developer,Engineering,24,2024-05-25 08:12:00
267,Justin James,justin.james4102@example.com,(287) 513-6225,DevOps Engineer,Design,4,2024-01-19 17:45:00
268,Teresa Herrera,teresa.herrera6608@example.com,(376) 372-8918,HR Specialist,Design,3,2024-05-23 16:13:00
269,Aaron Baker,aaron.baker7166@example.com,(593) 782-5761,Security Analyst,Human Resources,17,2024-02-25 18:04:00
270,Nathan Price,nathan.price2434@example.com,(246) 259-7851,ML Engineer,Product,18,2024-01-11 13:11:00
271,Linda Peterson,linda.peterson1516@example.com,(913) 953-7723,ML Engineer,Sales,0,2024-04-01 16:55:00
272,Raymond Bell,raymond.bell8199@example.com,(739) 576-6164,HR Specialist,Product,20,2024-04-23 09:05:00
273,Susan Rodriguez,susan.rodriguez8185@example.com,(661) 345-6006,Systems Admin,Quality Assurance,21,2024-01-13 09:14:00
274,Gary Edwards,gary.edwards1517@example.com,(783) 713-6975,Business Analyst,Quality Assurance,14,2024-02-24 12:53:00
275,Noah Gutierrez,noah.gutierrez6653@example.com,(681) 424-9718,Mobile Developer,Operations,16,2024-05-06 09:10:00
276,Bruce Gonzales,bruce.gonzales6701@example.com,(254) 466-4412,Project Coordinator,Sales,7,2024-05-16 14:45:00
277,Linda Parker,linda.parker7722@example.com,(236) 238-2998,UX Designer,Operations,13,2024-04-07 16:48:00
278,Austin Patterson,austin.patterson6527@example.com,(967) 986-5211,Site Reliability Engineer,Engineering,12,2024-01-13 15:47:00
279,Juan Davis,juan.davis3209@example.com,(738) 538-1829,Security Analyst,Cybersecurity,7,2024-01-15 11:24:00
280,Harold Diaz,harold.diaz4507@example.com,(782) 464-3430,Data Scientist,Design,23,2024-03-03 09:07:00
281,Paul Patterson,paul.patterson7022@example.com,(946) 460-9214,DevOps Engineer,Design,20,2024-01-22 14:42:00
282,Doris Walker,doris.walker2894@example.com,(265) 968-5034,Software Engineer,Design,12,2024-05-10 11:15:00
283,Ashley Ward,ashley.ward2228@example.com,(687) 733-8468,Product Manager,Data Science,18,2024-01-15 12:52:00
284,Jason Gutierrez,jason.gutierrez6457@example.com,(801) 281-9645,Systems Admin,Information Technology,19,2024-01-03 13:20:00
285,Roger Gonzalez,roger.gonzalez6950@example.com,(240) 686-8709,Mobile Developer,Quality Assurance,9,2024-03-07 09:09:00
286,Kayla Cooper,kayla.cooper9728@example.com,(613) 487-6728,Site Reliability Engineer,Data Science,3,2024-04-23 17:11:00
287,Kenneth Romero,kenneth.romero3726@example.com,(900) 968-9928,Full Stack Dev,Information Technology,3,2024-02-08 16:15:00
288,Margaret Ortiz,margaret.ortiz8080@example.com,(929) 626-8931,Full Stack Dev,Cybersecurity,1,2024-05-11 15:46:00
289,Carol Bell,carol.bell4070@example.com,(704) 954-4292,Technical Lead,Product,4,2024-05-06 08:38:00
290,Angela Carter,angela.carter9147@example.com,(475) 884-9521,Product Manager,Operations,12,2024-05-23 09:37:00
291,Alexis Reyes,alexis.reyes6639@example.com,(608) 350-4731,Backend Developer,Engineering,23,2024-04-03 10:20:00
292,Helen Reed,helen.reed3887@example.com,(832) 667-9514,Cloud Architect,Human Resources,10,2024-02-24 14:28:00
293,Angela White,angela.white1472@example.com,(392) 292-7346,Data Scientist,Quality Assurance,17,2024-03-24 16:45:00
294,Douglas Richardson,douglas.richardson5144@example.com,(656) 308-6759,DevOps Engineer,Operations,3,2024-02-14 12:16:00
295,Henry Reynolds,henry.reynolds4781@example.com,(988) 463-6081,ML Engineer,Quality Assurance,11,2024-05-28 13:31:00
296,Laura Watson,laura.watson7939@example.com,(489) 871-5766,Cloud Architect,Data Science,8,2024-04-29 11:27:00
297,David Griffin,david.griffin6837@example.com,(776) 653-4569,HR Specialist,Design,9,2024-02-16 15:02:00
298,Ronald Roberts,ronald.roberts8692@example.com,(209) 726-8063,Full Stack Dev,Engineering,16,2024-04-09 17:08:00
299,Henry Moore,henry.moore5295@example.com,(592) 345-3232,Site Reliability Engineer,Product,23,2024-01-06 16:00:00
300,Wayne Robinson,wayne.robinson2838@example.com,(242) 557-8384,ML Engineer,Information Technology,25,2024-04-24 14:18:00
301,Lawrence Parker,lawrence.parker8232@example.com,(824) 666-2923,HR Specialist,Engineering,22,2024-01-29 14:42:00
302,Eric Simpson,eric.simpson8215@example.com,(833) 614-4065,Business Analyst,Engineering,12,2024-03-08 08:13:00
303,Mary Cook,mary.cook6976@example.com,(438) 381-7986,QA Lead,Information Technology,18,2024-01-01 15:19:00
304,Donald Simpson,donald.simpson4214@example.com,(424) 717-5786,Cloud Architect,Product,25,2024-03-12 10:21:00
305,Joshua Brown,joshua.brown3813@example.com,(822) 728-9935,Security Analyst,Human Resources,25,2024-03-18 12:03:00
306,Marilyn Martin,marilyn.martin3557@example.com,(600) 597-9676,Product Manager,Engineering,6,2024-02-27 16:48:00
307,Andrew Edwards,andrew.edwards8895@example.com,(481) 201-9424,Full Stack Dev,Quality Assurance,10,2024-03-06 10:48:00
308,Terry Ross,terry.ross4751@example.com,(527) 449-4407,Data Scientist,Design,23,2024-03-25 08:32:00
309,Raymond Gibson,raymond.gibson5011@example.com,(699) 945-8632,Full Stack Dev,Design,9,2024-02-26 17:23:00
310,Betty Adams,betty.adams8583@example.com,(663) 707-8876,Frontend Developer,Sales,21,2024-05-16 10:35:00
311,Frank Butler,frank.butler3708@example.com,(260) 805-1369,QA Lead,Cybersecurity,19,2024-05-16 14:16:00
312,Brenda Mitchell,brenda.mitchell2107@example.com,(676) 792-8928,Technical Lead,Sales,21,2024-02-14 13:01:00
313,Joshua Perry,joshua.perry8933@example.com,(943) 357-3268,Systems Admin,Product,10,2024-03-11 12:43:00
314,Jeffrey Williams,jeffrey.williams3463@example.com,(842) 728-8955,Cloud Architect,Information Technology,25,2024-03-30 12:33:00
315,Steven Ross,steven.ross1210@example.com,(226) 297-7741,Security Analyst,Engineering,10,2024-02-26 12:11:00
316,Stephanie Griffin,stephanie.griffin3770@example.com,(702) 305-5696,HR Specialist,Design,11,2024-04-10 15:46:00
317,Charles Roberts,charles.roberts2191@example.com,(567) 659-9915,Software Engineer,Engineering,19,2024-01-27 12:25:00
318,Joseph Morales,joseph.morales4641@example.com,(393) 254-2322,Site Reliability Engineer,Data Science,24,2024-01-26 09:03:00
319,Teresa Jackson,teresa.jackson4187@example.com,(631) 936-6967,Full Stack Dev,Data Science,11,2024-02-23 12:19:00
320,Jane Morales,jane.morales6607@example.com,(612) 993-8763,Data Scientist,Engineering,22,2024-02-21 18:11:00
321,Steven Lee,steven.lee6984@example.com,(793) 582-9622,Data Analyst,Human Resources,17,2024-02-27 15:17:00
322,Deborah Reynolds,deborah.reynolds1726@example.com,(603) 894-5983,Frontend Developer,Engineering,8,2024-04-30 18:50:00
323,Jessica Simmons,jessica.simmons4047@example.com,(516) 462-7577,Systems Admin,Data Science,24,2024-05-18 08:53:00
324,Rose Rogers,rose.rogers6994@example.com,(700) 219-2158,Product Manager,Cybersecurity,22,2024-05-07 18:29:00
325,Emma Wallace,emma.wallace4482@example.com,(601) 865-2355,Backend Developer,Sales,22,2024-02-03 18:39:00
326,Scott Young,scott.young1935@example.com,(848) 978-3242,QA Lead,Human Resources,23,2024-05-16 15:49:00
327,Kathleen Moore,kathleen.moore1121@example.com,(570) 470-1367,DevOps Engineer,Operations,4,2024-03-15 14:46:00
328,Jack Patel,jack.patel5711@example.com,(670) 360-9762,Site Reliability Engineer,Data Science,12,2024-03-10 10:09:00
329,Kayla Jones,kayla.jones8066@example.com,(532) 221-7410,Data Analyst,Quality Assurance,7,2024-04-11 11:17:00
330,Lawrence Wright,lawrence.wright3988@example.com,(215) 257-3075,Frontend Developer,Sales,23,2024-02-27 14:05:00
331,Kevin Diaz,kevin.diaz1141@example.com,(365) 343-6768,Frontend Developer,Operations,16,2024-04-29 10:22:00
332,Danielle Stewart,danielle.stewart8377@example.com,(304) 805-9216,ML Engineer,Design,21,2024-04-02 16:59:00
333,Sharon Morris,sharon.morris5651@example.com,(554) 380-2194,QA Lead,Information Technology,21,2024-03-17 12:42:00
334,Scott Jimenez,scott.jimenez9151@example.com,(363) 602-6481,Mobile Developer,Sales,5,2024-05-01 18:14:00
335,David Barnes,david.barnes3288@example.com,(408) 486-3612,HR Specialist,Engineering,20,2024-02-27 09:17:00
336,Brenda Robinson,brenda.robinson9054@example.com,(831) 842-3070,Site Reliability Engineer,Sales,14,2024-02-06 09:52:00
337,Beverly Diaz,beverly.diaz5847@example.com,(386) 715-8127,QA Lead,Cybersecurity,15,2024-05-22 18:55:00
338,Kelly Rogers,kelly.rogers6927@example.com,(533) 457-7766,Technical Lead,Product,8,2024-05-13 14:58:00
339,Amanda Kim,amanda.kim6643@example.com,(326) 290-5793,HR Specialist,Sales,14,2024-01-11 14:13:00
340,David Mitchell,david.mitchell4217@example.com,(209) 691-6909,HR Specialist,Product,6,2024-03-03 08:43:00
341,Aaron Garcia,aaron.garcia4508@example.com,(690) 527-2109,Full Stack Dev,Engineering,24,2024-02-14 12:20:00
342,Jack Simmons,jack.simmons7021@example.com,(765) 506-2243,HR Specialist,Data Science,21,2024-05-13 18:20:00
343,Frank Long,frank.long8344@example.com,(352) 659-4145,Data Scientist,Sales,15,2024-05-11 12:19:00
344,Diana Romero,diana.romero5384@example.com,(701) 547-8934,Full Stack Dev,Quality Assurance,21,2024-03-03 10:53:00
345,Peter Stewart,peter.stewart4384@example.com,(673) 592-6042,Frontend Developer,Operations,25,2024-05-28 12:25:00
346,Anna Adams,anna.adams1093@example.com,(304) 582-2651,Cloud Architect,Data Science,6,2024-05-30 15:50:00
347,Lisa Ellis,lisa.ellis3286@example.com,(434) 201-1881,Frontend Developer,Operations,12,2024-01-19 09:24:00
348,Thomas Alvarez,thomas.alvarez8996@example.com,(745) 558-2411,UX Designer,Operations,12,2024-04-04 08:11:00
349,Barbara Ramos,barbara.ramos4124@example.com,(464) 682-8154,Site Reliability Engineer,Information Technology,18,2024-01-18 15:47:00
350,Carl Baker,carl.baker9111@example.com,(892) 864-8200,UX Designer,Quality Assurance,5,2024-03-10 17:56:00
351,Nicole Cook,nicole.cook6410@example.com,(439) 729-7246,Mobile Developer,Product,2,2024-03-10 17:01:00
352,Larry Morgan,larry.morgan4604@example.com,(554) 709-5089,Technical Lead,Information Technology,20,2024-02-20 11:20:00
353,Steven Martin,steven.martin8021@example.com,(561) 758-4688,Project Coordinator,Engineering,5,2024-02-20 11:26:00
354,Carol James,carol.james4253@example.com,(331) 490-3150,Cloud Architect,Information Technology,21,2024-05-20 11:23:00
355,Larry Phillips,larry.phillips6624@example.com,(527) 667-7725,Data Analyst,Human Resources,3,2024-03-11 09:24:00
356,Peter Diaz,peter.diaz6170@example.com,(860) 924-3713,DevOps Engineer,Human Resources,18,2024-01-28 13:15:00
357,Daniel Sanders,daniel.sanders5237@example.com,(464) 416-9042,Backend Developer,Quality Assurance,13,2024-05-09 17:08:00
358,Dylan Torres,dylan.torres1829@example.com,(481) 432-5634,Systems Admin,Product,6,2024-01-01 11:55:00
359,Michelle Morris,michelle.morris5199@example.com,(272) 858-8086,Cloud Architect,Human Resources,1,2024-04-25 15:40:00
360,Zachary Brown,zachary.brown5297@example.com,(664) 299-5233,UX Designer,Product,6,2024-01-26 13:52:00
361,Lauren Smith,lauren.smith7074@example.com,(393) 341-9598,Project Coordinator,Product,22,2024-02-06 10:04:00
362,Edward Walker,edward.walker5165@example.com,(525) 389-9809,Security Analyst,Quality Assurance,7,2024-01-30 12:19:00
363,Amanda Jones,amanda.jones2805@example.com,(329) 849-7931,UX Designer,Design,3,2024-04-03 13:21:00
364,Thomas Castillo,thomas.castillo6123@example.com,(571) 247-4094,Backend Developer,Human Resources,8,2024-01-14 09:13:00
365,Ronald Allen,ronald.allen5306@example.com,(706) 215-4874,Frontend Developer,Information Technology,10,2024-02-29 16:21:00
366,Deborah Pascual,deborah.pascual6163@example.com,(266) 865-3698,Data Analyst,Information Technology,18,2024-05-05 12:35:00
367,Sharon Jordan,sharon.jordan3610@example.com,(575) 532-9660,Project Coordinator,Quality Assurance,12,2024-01-01 14:55:00
368,Jane Wood,jane.wood7442@example.com,(975) 672-9776,Data Scientist,Engineering,9,2024-02-10 15:18:00
369,Brenda Robinson,brenda.robinson3060@example.com,(540) 234-4220,Full Stack Dev,Quality Assurance,14,2024-02-27 16:21:00
370,Diana Nelson,diana.nelson5021@example.com,(295) 487-1422,Backend Developer,Product,17,2024-04-12 15:42:00
371,Bryan Baker,bryan.baker3771@example.com,(336) 821-5490,Project Coordinator,Cybersecurity,6,2024-01-14 11:17:00
372,Alexis Simpson,alexis.simpson8332@example.com,(721) 511-6107,DevOps Engineer,Sales,22,2024-04-23 08:37:00
373,Gregory Stewart,gregory.stewart1362@example.com,(983) 655-8625,Data Analyst,Operations,6,2024-04-17 16:58:00
374,Daniel Chavez,daniel.chavez7314@example.com,(877) 749-7857,Frontend Developer,Product,2,2024-02-15 12:18:00
375,Margaret Peterson,margaret.peterson7763@example.com,(921) 379-2302,Frontend Developer,Human Resources,3,2024-04-16 16:10:00
376,Michael Robinson,michael.robinson8368@example.com,(970) 375-6788,Full Stack Dev,Cybersecurity,23,2024-02-02 10:36:00
377,Austin Sanders,austin.sanders7425@example.com,(471) 927-9682,HR Specialist,Design,25,2024-01-17 12:00:00
378,Tyler Alvarez,tyler.alvarez5427@example.com,(758) 409-6611,Data Analyst,Operations,8,2024-03-31 09:26:00
379,Tyler Garcia,tyler.garcia6331@example.com,(576) 764-7315,DevOps Engineer,Information Technology,23,2024-02-23 08:20:00
380,Justin Hughes,justin.hughes4243@example.com,(938) 200-8634,Project Coordinator,Sales,24,2024-03-26 14:33:00
381,Keith Howard,keith.howard9847@example.com,(305) 948-5167,Software Engineer,Design,4,2024-04-12 17:53:00
382,Shirley Scott,shirley.scott4254@example.com,(356) 495-7211,Mobile Developer,Operations,24,2024-04-21 09:28:00
383,Jerry Moreno,jerry.moreno2132@example.com,(329) 498-4463,Project Coordinator,Quality Assurance,16,2024-05-20 15:35:00
384,Laura Wilson,laura.wilson8708@example.com,(361) 572-5120,Data Scientist,Cybersecurity,7,2024-03-25 08:10:00
385,Jennifer Gonzalez,jennifer.gonzalez2868@example.com,(483) 784-7324,Full Stack Dev,Quality Assurance,6,2024-05-05 10:57:00
386,Jordan Lopez,jordan.lopez9602@example.com,(546) 911-3569,Product Manager,Data Science,8,2024-03-07 14:22:00
387,Laura Adams,laura.adams2469@example.com,(369) 294-6145,Backend Developer,Sales,14,2024-03-12 13:11:00
388,Andrew Simmons,andrew.simmons2253@example.com,(787) 761-4363,Security Analyst,Sales,23,2024-05-29 12:47:00
389,Susan Richardson,susan.richardson4348@example.com,(781) 925-9678,Data Scientist,Operations,21,2024-04-15 14:11:00
390,Patricia Clark,patricia.clark7118@example.com,(445) 954-3465,Systems Admin,Design,7,2024-03-14 18:46:00
391,George Roberts,george.roberts8031@example.com,(821) 481-2456,Software Engineer,Cybersecurity,15,2024-04-27 10:45:00
392,Brenda Edwards,brenda.edwards4403@example.com,(960) 863-9537,DevOps Engineer,Data Science,25,2024-01-24 13:55:00
393,Billy Gutierrez,billy.gutierrez2701@example.com,(288) 643-9686,Mobile Developer,Human Resources,0,2024-02-12 12:06:00
394,David Mendoza,david.mendoza6356@example.com,(348) 346-3131,Frontend Developer,Design,2,2024-04-03 16:06:00
395,John Tran,john.tran2434@example.com,(574) 439-6282,UX Designer,Quality Assurance,3,2024-01-14 10:47:00
396,Arthur Campbell,arthur.campbell8956@example.com,(842) 954-2834,Technical Lead,Data Science,14,2024-05-18 11:34:00
397,Brenda Bell,brenda.bell4294@example.com,(482) 520-4396,Mobile Developer,Operations,5,2024-01-06 08:11:00
398,James Cook,james.cook2553@example.com,(829) 204-6093,Data Scientist,Information Technology,9,2024-02-03 16:58:00
399,Denise Ramirez,denise.ramirez4498@example.com,(553) 258-5130,Backend Developer,Human Resources,21,2024-05-28 17:34:00
400,Michael Snyder,michael.snyder6962@example.com,(830) 692-5349,Data Analyst,Sales,25,2024-03-26 18:08:00
401,Ethan Castillo,ethan.castillo2185@example.com,(705) 912-5292,Security Analyst,Operations,17,2024-02-24 13:42:00
402,Marilyn Evans,marilyn.evans3363@example.com,(873) 446-1268,Cloud Architect,Quality Assurance,21,2024-02-28 08:48:00
403,Louis Ramirez,louis.ramirez4871@example.com,(727) 407-9970,Business Analyst,Quality Assurance,7,2024-02-12 17:34:00
404,Angela Simmons,angela.simmons7735@example.com,(779) 393-9676,Project Coordinator,Design,11,2024-03-28 10:11:00
405,Emma Pascual,emma.pascual3860@example.com,(343) 694-8692,Backend Developer,Product,3,2024-02-22 14:15:00
406,Jack Gonzales,jack.gonzales6731@example.com,(650) 374-2540,Full Stack Dev,Data Science,24,2024-01-15 11:14:00
407,Cynthia Barnes,cynthia.barnes2462@example.com,(493) 237-6005,Backend Developer,Design,7,2024-04-10 10:41:00
408,Nathan Collins,nathan.collins2918@example.com,(811) 563-5949,Product Manager,Information Technology,21,2024-05-13 09:20:00
409,Karen Castillo,karen.castillo9841@example.com,(717) 646-3713,Cloud Architect,Data Science,7,2024-03-30 17:06:00
410,Danielle Carter,danielle.carter9055@example.com,(548) 607-7859,Business Analyst,Quality Assurance,7,2024-04-11 08:58:00
411,Jason Patterson,jason.patterson2648@example.com,(654) 521-3118,Security Analyst,Operations,17,2024-05-02 11:23:00
412,Sean Thompson,sean.thompson6570@example.com,(759) 536-4212,Project Coordinator,Engineering,22,2024-04-19 11:56:00
413,Roger Watson,roger.watson6693@example.com,(629) 344-6276,Business Analyst,Quality Assurance,8,2024-02-05 18:45:00
414,Dorothy Griffin,dorothy.griffin7107@example.com,(872) 737-8490,Backend Developer,Quality Assurance,0,2024-01-29 11:41:00
415,Gregory Kelly,gregory.kelly9948@example.com,(783) 833-4370,Project Coordinator,Human Resources,16,2024-01-26 18:28:00
416,Brandon Alexander,brandon.alexander2564@example.com,(738) 265-5797,Full Stack Dev,Human Resources,16,2024-01-21 14:22:00
417,Margaret Myers,margaret.myers5549@example.com,(384) 532-8878,Security Analyst,Information Technology,10,2024-03-04 17:03:00
418,Alexis Johnson,alexis.johnson3897@example.com,(483) 566-4175,Product Manager,Sales,23,2024-05-07 10:09:00
419,Tiffany Roberts,tiffany.roberts8427@example.com,(481) 442-9443,Security Analyst,Engineering,4,2024-03-26 12:00:00
420,Tyler Alvarez,tyler.alvarez9323@example.com,(553) 854-2992,Project Coordinator,Quality Assurance,4,2024-05-27 10:21:00
421,Richard Chavez,richard.chavez9482@example.com,(859) 228-2192,Project Coordinator,Data Science,21,2024-03-10 10:52:00
422,Jane Castillo,jane.castillo8646@example.com,(670) 683-6239,Security Analyst,Design,6,2024-04-30 12:34:00
423,Alexis Gonzales,alexis.gonzales2367@example.com,(586) 977-5482,Full Stack Dev,Engineering,1,2024-01-25 17:26:00
424,Joseph Green,joseph.green5666@example.com,(509) 272-5034,Product Manager,Product,15,2024-04-19 13:22:00
425,Justin Ross,justin.ross5565@example.com,(879) 458-7576,Security Analyst,Data Science,21,2024-04-25 12:40:00
426,Kathleen Long,kathleen.long9539@example.com,(760) 285-4823,Project Coordinator,Design,21,2024-03-06 18:06:00
427,Karen Howard,karen.howard1983@example.com,(229) 378-9240,Security Analyst,Sales,12,2024-03-06 12:14:00
428,Tyler Roberts,tyler.roberts9403@example.com,(214) 590-8683,Frontend Developer,Human Resources,18,2024-04-19 14:15:00
429,Stephanie Flores,stephanie.flores6196@example.com,(350) 520-2985,ML Engineer,Quality Assurance,7,2024-03-17 10:32:00
430,Elizabeth Fisher,elizabeth.fisher5587@example.com,(238) 925-5460,Project Coordinator,Human Resources,0,2024-02-12 15:22:00
431,Danielle Hernandez,danielle.hernandez6322@example.com,(645) 894-6365,Business Analyst,Cybersecurity,19,2024-01-04 18:41:00
432,Michelle Martin,michelle.martin5870@example.com,(657) 819-7003,Software Engineer,Information Technology,19,2024-04-23 08:55:00
433,Nathan Ellis,nathan.ellis4715@example.com,(267) 431-3352,UX Designer,Product,13,2024-05-13 11:38:00
434,Donald Sanders,donald.sanders8291@example.com,(927) 683-3132,Frontend Developer,Human Resources,20,2024-04-08 10:44:00
435,Melissa Morgan,melissa.morgan4440@example.com,(412) 540-7002,Site Reliability Engineer,Human Resources,3,2024-01-20 08:12:00
436,Kayla Torres,kayla.torres5190@example.com,(926) 615-4783,DevOps Engineer,Quality Assurance,16,2024-02-07 13:12:00
437,Linda West,linda.west7863@example.com,(462) 292-1915,Security Analyst,Data Science,16,2024-02-18 11:39:00
438,Barbara Bell,barbara.bell5023@example.com,(946) 302-3639,Data Scientist,Product,19,2024-03-12 16:30:00
439,Nathan Jordan,nathan.jordan5923@example.com,(464) 746-8616,Business Analyst,Design,7,2024-04-22 18:33:00
440,Pamela Reed,pamela.reed4951@example.com,(476) 702-2728,Full Stack Dev,Information Technology,8,2024-03-25 12:41:00
441,Amy Chavez,amy.chavez2643@example.com,(228) 365-4004,Frontend Developer,Data Science,22,2024-03-12 16:08:00
442,Jason Morales,jason.morales8830@example.com,(560) 844-3964,Backend Developer,Human Resources,0,2024-04-08 12:01:00
443,Peter Chavez,peter.chavez1852@example.com,(557) 523-2465,HR Specialist,Engineering,18,2024-01-24 16:42:00
444,Patrick Nguyen,patrick.nguyen1133@example.com,(637) 605-5000,Project Coordinator,Human Resources,7,2024-04-19 11:30:00
445,Brian Tran,brian.tran2516@example.com,(303) 208-1522,Technical Lead,Engineering,15,2024-05-15 16:23:00
446,Lisa Ortiz,lisa.ortiz7965@example.com,(832) 510-8611,Security Analyst,Operations,4,2024-01-06 18:04:00
447,Jack Thompson,jack.thompson7308@example.com,(467) 362-8818,QA Lead,Cybersecurity,2,2024-01-20 13:21:00
448,Gregory Jimenez,gregory.jimenez2393@example.com,(362) 854-7772,Backend Developer,Design,10,2024-04-23 15:37:00
449,Melissa Russell,melissa.russell3810@example.com,(532) 743-8401,DevOps Engineer,Information Technology,25,2024-05-09 17:51:00
450,Joshua Cruz,joshua.cruz9820@example.com,(652) 439-7873,Frontend Developer,Information Technology,12,2024-01-10 16:56:00
451,Jonathan Russell,jonathan.russell4838@example.com,(314) 552-8226,QA Lead,Cybersecurity,18,2024-03-08 17:37:00
452,Stephanie Gutierrez,stephanie.gutierrez3058@example.com,(345) 698-9601,Technical Lead,Operations,13,2024-03-20 11:55:00
453,Eric Reyes,eric.reyes9532@example.com,(210) 496-2805,Software Engineer,Sales,21,2024-05-13 12:08:00
454,Dylan Allen,dylan.allen1388@example.com,(495) 733-2765,Cloud Architect,Human Resources,17,2024-01-23 17:42:00
455,Jessica Carter,jessica.carter1156@example.com,(962) 903-7373,Technical Lead,Operations,12,2024-05-29 17:38:00
456,Zachary White,zachary.white5552@example.com,(412) 334-2891,Software Engineer,Quality Assurance,10,2024-05-16 10:43:00
457,Nathan Thomas,nathan.thomas8806@example.com,(556) 761-1390,DevOps Engineer,Cybersecurity,17,2024-01-16 13:21:00
458,Brittany Graham,brittany.graham4128@example.com,(978) 684-1757,Systems Admin,Engineering,5,2024-01-17 11:18:00
459,Kayla Howard,kayla.howard6302@example.com,(246) 526-4412,DevOps Engineer,Data Science,24,2024-05-20 18:58:00
460,Juan Rogers,juan.rogers4856@example.com,(579) 777-5404,Site Reliability Engineer,Product,18,2024-04-23 18:43:00
461,Kenneth Scott,kenneth.scott6989@example.com,(250) 215-7529,Product Manager,Product,4,2024-04-16 12:56:00
462,Arthur Lopez,arthur.lopez1447@example.com,(825) 593-3896,Backend Developer,Product,2,2024-04-25 08:25:00
463,Stephen Gibson,stephen.gibson5687@example.com,(580) 262-4606,QA Lead,Human Resources,21,2024-02-23 13:50:00
464,Kathleen Lee,kathleen.lee7005@example.com,(557) 398-2522,Data Scientist,Quality Assurance,12,2024-01-10 18:17:00
465,Jose Vasquez,jose.vasquez4903@example.com,(381) 679-2981,Data Scientist,Sales,22,2024-05-06 12:17:00
466,James Cox,james.cox4843@example.com,(791) 517-4494,Frontend Developer,Product,20,2024-01-25 12:26:00
467,Dylan Harris,dylan.harris4732@example.com,(364) 580-9324,Project Coordinator,Cybersecurity,7,2024-02-03 12:01:00
468,Nathan Bryant,nathan.bryant6889@example.com,(889) 445-7640,Technical Lead,Engineering,24,2024-02-11 13:16:00
469,Natalie Hughes,natalie.hughes4728@example.com,(235) 359-9706,Mobile Developer,Operations,19,2024-05-14 13:39:00
470,Lauren Sullivan,lauren.sullivan6736@example.com,(551) 853-7796,Software Engineer,Quality Assurance,14,2024-04-03 13:41:00
471,Patrick Adams,patrick.adams9432@example.com,(810) 758-7508,UX Designer,Operations,7,2024-04-14 08:01:00
472,Stephen Powell,stephen.powell9660@example.com,(890) 781-4439,Technical Lead,Design,10,2024-03-02 13:41:00
473,Kimberly Brown,kimberly.brown8141@example.com,(447) 356-5687,Business Analyst,Cybersecurity,16,2024-04-28 11:10:00
474,Gerald Garcia,gerald.garcia5209@example.com,(338) 943-7311,HR Specialist,Sales,3,2024-05-17 08:02:00
475,Patricia Powell,patricia.powell2529@example.com,(894) 614-4798,Backend Developer,Design,15,2024-05-03 13:02:00
476,Jessica Williams,jessica.williams6244@example.com,(293) 202-8483,Security Analyst,Human Resources,23,2024-05-05 11:31:00
477,Tyler Snyder,tyler.snyder2383@example.com,(889) 985-6886,Business Analyst,Operations,14,2024-02-06 12:13:00
478,Andrew Jimenez,andrew.jimenez1209@example.com,(935) 908-5723,Data Analyst,Human Resources,11,2024-01-28 08:38:00
479,William Ruiz,william.ruiz3508@example.com,(342) 221-1494,Frontend Developer,Sales,4,2024-02-18 16:27:00
480,Jeremy Jenkins,jeremy.jenkins6840@example.com,(480) 311-8844,Technical Lead,Sales,14,2024-04-28 16:16:00
481,Roger Gomez,roger.gomez1693@example.com,(598) 714-2638,Security Analyst,Operations,22,2024-05-07 11:43:00
482,Gregory Thompson,gregory.thompson3017@example.com,(777) 835-2753,Frontend Developer,Human Resources,2,2024-02-15 08:52:00
483,Stephen Clark,stephen.clark9456@example.com,(814) 932-5407,Technical Lead,Data Science,9,2024-02-09 10:29:00
484,Anna Ruiz,anna.ruiz7148@example.com,(697) 569-8504,Product Manager,Design,2,2024-05-21 14:46:00
485,Marilyn Smith,marilyn.smith8797@example.com,(478) 222-2350,Cloud Architect,Design,14,2024-03-27 12:31:00
486,Jordan Perry,jordan.perry9183@example.com,(427) 831-1706,Site Reliability Engineer,Quality Assurance,2,2024-01-07 12:59:00
487,Danielle King,danielle.king4480@example.com,(889) 276-4804,Security Analyst,Information Technology,6,2024-04-17 15:38:00
488,Jesse Castillo,jesse.castillo7752@example.com,(444) 978-4046,Site Reliability Engineer,Operations,21,2024-03-10 18:17:00
489,Helen Gonzalez,helen.gonzalez9513@example.com,(937) 782-5548,Technical Lead,Data Science,12,2024-02-28 10:43:00
490,Carl Lopez,carl.lopez9320@example.com,(608) 339-4673,Data Analyst,Human Resources,21,2024-05-20 16:09:00
491,Kayla Reynolds,kayla.reynolds2078@example.com,(808) 652-5538,Product Manager,Quality Assurance,4,2024-01-18 17:17:00
492,Ethan Hughes,ethan.hughes5209@example.com,(264) 486-2561,UX Designer,Sales,8,2024-03-06 17:31:00
493,Doris Price,doris.price5567@example.com,(582) 540-2190,Software Engineer,Cybersecurity,14,2024-02-29 14:43:00
494,Denise Griffin,denise.griffin4360@example.com,(648) 299-6201,UX Designer,Engineering,21,2024-02-27 12:41:00
495,George Diaz,george.diaz3796@example.com,(385) 901-9926,QA Lead,Operations,15,2024-02-19 09:46:00
496,Jordan Thompson,jordan.thompson2848@example.com,(726) 657-4653,Product Manager,Data Science,15,2024-03-13 14:12:00
497,John Diaz,john.diaz9622@example.com,(454) 615-5747,Systems Admin,Product,18,2024-01-05 11:49:00
498,Sandra Pascual,sandra.pascual6326@example.com,(959) 503-9390,Systems Admin,Operations,2,2024-04-26 10:57:00
499,Julia Mendoza,julia.mendoza6512@example.com,(523) 315-3374,Backend Developer,Information Technology,3,2024-01-13 18:16:00
500,Jordan Hill,jordan.hill1039@example.com,(275) 751-6730,Security Analyst,Sales,25,2024-05-03 18:35:00
