id,candidate_id,interviewer_name,interview_mode,scheduled_date,scheduled_time,status,meeting_link,notes,created_at
1,1,Harvey Specter,Remote,2024-02-06,14:00:00,Completed,https://meet.google.com/def-jkl-yz,Technical screen for QA Lead. Verify experience in Cloud.,2024-01-28 13:46:00
2,2,Harvey Specter,Remote,2024-06-05,15:45:00,Completed,https://meet.google.com/ghi-jkl-stu,Technical screen for UX Designer. Verify experience in Cloud.,2024-06-01 02:50:00
3,3,Robert Thorne,In-Person,2024-05-22,10:30:00,Completed,https://meet.google.com/abc-jkl-yz,Technical screen for Systems Admin. Verify experience in Java.,2024-05-19 14:49:00
4,4,Rachel Zane,In-Person,2024-03-01,11:00:00,Completed,https://meet.google.com/abc-jkl-vwx,Technical screen for Data Analyst. Verify experience in Python.,2024-02-28 08:59:00
5,5,Michael Scott,On-Site,2024-03-11,08:30:00,Scheduled,https://meet.google.com/def-pqr-vwx,Technical screen for Data Scientist. Verify experience in Cloud.,2024-03-01 11:47:00
6,6,Louis Litt,On-Site,2024-05-10,13:45:00,Cancelled,https://meet.google.com/def-pqr-stu,Technical screen for DevOps Engineer. Verify experience in Python.,2024-05-07 05:52:00
7,7,Alice Vance,On-Site,2024-04-21,12:00:00,Cancelled,https://meet.google.com/abc-jkl-vwx,Technical screen for Project Coordinator. Verify experience in Cloud.,2024-04-11 16:08:00
8,8,Rachel Zane,Hybrid,2024-04-22,15:45:00,Completed,https://meet.google.com/ghi-mno-vwx,Technical screen for Business Analyst. Verify experience in Python.,2024-04-16 20:22:00
9,9,Michael Scott,Hybrid,2024-02-02,13:15:00,Completed,https://meet.google.com/abc-jkl-vwx,Technical screen for Technical Lead. Verify experience in Python.,2024-01-30 02:09:00
10,10,Sarah Jenkins,On-Site,2024-05-25,10:00:00,Completed,https://meet.google.com/def-pqr-stu,Technical screen for Data Analyst. Verify experience in SQL.,2024-05-12 10:54:00
11,11,Harvey Specter,Hybrid,2024-06-15,10:45:00,Completed,https://meet.google.com/ghi-mno-yz,Technical screen for ML Engineer. Verify experience in SQL.,2024-06-03 15:21:00
12,12,Alice Vance,In-Person,2024-02-10,14:45:00,Completed,https://meet.google.com/ghi-pqr-vwx,Technical screen for HR Specialist. Verify experience in SQL.,2024-01-27 12:56:00
13,13,Robert Thorne,In-Person,2024-03-29,14:45:00,Completed,https://meet.google.com/abc-pqr-yz,Technical screen for Project Coordinator. Verify experience in Python.,2024-03-22 19:55:00
14,14,Jessica Pearson,On-Site,2024-03-12,09:15:00,Completed,https://meet.google.com/abc-pqr-yz,Technical screen for Product Manager. Verify experience in Python.,2024-03-07 18:32:00
15,15,Louis Litt,Hybrid,2024-02-16,12:30:00,Completed,https://meet.google.com/abc-pqr-yz,Technical screen for HR Specialist. Verify experience in Python.,2024-02-14 05:24:00
16,16,Alice Vance,On-Site,2024-03-30,12:45:00,Completed,https://meet.google.com/abc-mno-yz,Technical screen for Software Engineer. Verify experience in Python.,2024-03-22 11:57:00
17,17,Robert Thorne,Hybrid,2024-04-22,16:00:00,Scheduled,https://meet.google.com/ghi-jkl-vwx,Technical screen for HR Specialist. Verify experience in Cloud.,2024-04-17 09:07:00
18,18,Donna Paulsen,On-Site,2024-03-21,17:15:00,Scheduled,https://meet.google.com/ghi-pqr-stu,Technical screen for ML Engineer. Verify experience in SQL.,2024-03-14 14:29:00
19,19,Louis Litt,On-Site,2024-06-04,13:30:00,Completed,https://meet.google.com/def-mno-vwx,Technical screen for DevOps Engineer. Verify experience in Java.,2024-05-30 11:03:00
20,20,Sarah Jenkins,In-Person,2024-04-19,12:45:00,Completed,https://meet.google.com/ghi-mno-stu,Technical screen for UX Designer. Verify experience in SQL.,2024-04-16 23:50:00
21,21,Donna Paulsen,Remote,2024-06-07,13:30:00,Completed,https://meet.google.com/ghi-mno-yz,Technical screen for Business Analyst. Verify experience in SQL.,2024-05-27 23:23:00
22,22,Rachel Zane,On-Site,2024-05-07,11:00:00,Completed,https://meet.google.com/def-mno-vwx,Technical screen for Backend Developer. Verify experience in SQL.,2024-05-03 10:10:00
23,23,Alice Vance,Hybrid,2024-04-06,16:45:00,Completed,https://meet.google.com/abc-mno-yz,Technical screen for Security Analyst. Verify experience in Python.,2024-03-29 17:46:00
24,24,Rachel Zane,On-Site,2024-06-16,08:30:00,Completed,https://meet.google.com/def-mno-yz,Technical screen for Cloud Architect. Verify experience in Cloud.,2024-06-02 12:25:00
25,25,Jessica Pearson,Hybrid,2024-04-27,11:00:00,Completed,https://meet.google.com/def-jkl-stu,Technical screen for Backend Developer. Verify experience in SQL.,2024-04-20 16:51:00
26,26,Donna Paulsen,Hybrid,2024-03-09,10:30:00,Completed,https://meet.google.com/ghi-mno-yz,Technical screen for Full Stack Dev. Verify experience in SQL.,2024-02-25 01:11:00
27,27,Robert Thorne,On-Site,2024-01-26,12:45:00,Completed,https://meet.google.com/ghi-mno-vwx,Technical screen for Frontend Developer. Verify experience in SQL.,2024-01-12 19:41:00
28,28,Michael Scott,On-Site,2024-04-28,12:45:00,Scheduled,https://meet.google.com/abc-pqr-yz,Technical screen for Security Analyst. Verify experience in SQL.,2024-04-26 00:19:00
29,29,Robert Thorne,In-Person,2024-02-02,10:00:00,Completed,https://meet.google.com/abc-jkl-vwx,Technical screen for Software Engineer. Verify experience in Java.,2024-01-27 11:36:00
30,30,Michael Scott,In-Person,2024-06-08,13:15:00,Completed,https://meet.google.com/ghi-mno-stu,Technical screen for Full Stack Dev. Verify experience in Python.,2024-06-03 02:37:00
31,31,Alice Vance,Remote,2024-03-23,16:15:00,Completed,https://meet.google.com/ghi-mno-stu,Technical screen for Project Coordinator. Verify experience in SQL.,2024-03-16 18:31:00
32,32,Jessica Pearson,In-Person,2024-01-19,09:30:00,Completed,https://meet.google.com/abc-jkl-yz,Technical screen for Security Analyst. Verify experience in SQL.,2024-01-13 10:52:00
33,33,Linda Belcher,In-Person,2024-05-25,10:00:00,Scheduled,https://meet.google.com/abc-pqr-vwx,Technical screen for Project Coordinator. Verify experience in SQL.,2024-05-16 23:11:00
34,34,Louis Litt,In-Person,2024-05-05,10:45:00,Completed,https://meet.google.com/ghi-pqr-yz,Technical screen for Backend Developer. Verify experience in Cloud.,2024-04-22 17:36:00
35,35,Louis Litt,In-Person,2024-06-09,14:15:00,Completed,https://meet.google.com/ghi-pqr-vwx,Technical screen for Data Scientist. Verify experience in SQL.,2024-06-02 21:09:00
36,36,Linda Belcher,In-Person,2024-04-08,08:45:00,Completed,https://meet.google.com/def-jkl-stu,Technical screen for Backend Developer. Verify experience in Python.,2024-04-02 08:08:00
37,37,Louis Litt,Hybrid,2024-02-07,10:00:00,Completed,https://meet.google.com/ghi-jkl-yz,Technical screen for Systems Admin. Verify experience in Java.,2024-01-29 18:39:00
38,38,Donna Paulsen,Remote,2024-05-28,15:15:00,Completed,https://meet.google.com/abc-mno-stu,Technical screen for Backend Developer. Verify experience in SQL.,2024-05-15 09:51:00
39,39,Michael Scott,On-Site,2024-06-04,09:15:00,Completed,https://meet.google.com/def-pqr-stu,Technical screen for HR Specialist. Verify experience in Python.,2024-05-27 03:15:00
40,40,Louis Litt,On-Site,2024-01-28,13:45:00,Scheduled,https://meet.google.com/ghi-jkl-stu,Technical screen for Software Engineer. Verify experience in Cloud.,2024-01-18 22:12:00
41,41,Alice Vance,On-Site,2024-04-01,17:15:00,Completed,https://meet.google.com/ghi-mno-stu,Technical screen for Software Engineer. Verify experience in SQL.,2024-03-19 01:46:00
42,42,Louis Litt,On-Site,2024-03-06,13:00:00,Completed,https://meet.google.com/abc-pqr-stu,Technical screen for Project Coordinator. Verify experience in Cloud.,2024-02-24 04:03:00
43,43,Donna Paulsen,Remote,2024-04-05,09:45:00,Scheduled,https://meet.google.com/abc-jkl-stu,Technical screen for Mobile Developer. Verify experience in Cloud.,2024-03-24 19:15:00
44,44,Alice Vance,Hybrid,2024-03-16,13:45:00,Completed,https://meet.google.com/abc-pqr-stu,Technical screen for UX Designer. Verify experience in Java.,2024-03-11 23:41:00
45,45,Jessica Pearson,Remote,2024-05-29,10:15:00,Completed,https://meet.google.com/ghi-mno-stu,Technical screen for Full Stack Dev. Verify experience in SQL.,2024-05-25 23:49:00
46,46,Donna Paulsen,On-Site,2024-01-22,14:00:00,Completed,https://meet.google.com/ghi-pqr-stu,Technical screen for Cloud Architect. Verify experience in Python.,2024-01-19 16:14:00
47,47,Jessica Pearson,On-Site,2024-04-27,09:45:00,Cancelled,https://meet.google.com/ghi-pqr-yz,Technical screen for UX Designer. Verify experience in Java.,2024-04-25 00:01:00
48,48,Alice Vance,On-Site,2024-05-04,16:30:00,Completed,https://meet.google.com/ghi-mno-vwx,Technical screen for Project Coordinator. Verify experience in Python.,2024-04-26 05:50:00
49,49,Alice Vance,In-Person,2024-03-01,09:30:00,Completed,https://meet.google.com/def-jkl-stu,Technical screen for DevOps Engineer. Verify experience in Cloud.,2024-02-27 22:37:00
50,50,Michael Scott,Hybrid,2024-02-03,17:45:00,Completed,https://meet.google.com/ghi-jkl-vwx,Technical screen for Software Engineer. Verify experience in Python.,2024-01-28 18:08:00
51,51,Louis Litt,Remote,2024-04-02,17:30:00,Completed,https://meet.google.com/ghi-pqr-stu,Technical screen for Software Engineer. Verify experience in SQL.,2024-03-26 21:13:00
52,52,Donna Paulsen,Remote,2024-04-29,17:45:00,Completed,https://meet.google.com/ghi-mno-yz,Technical screen for Project Coordinator. Verify experience in Cloud.,2024-04-18 04:19:00
53,53,Sarah Jenkins,Hybrid,2024-03-12,17:45:00,Completed,https://meet.google.com/def-pqr-vwx,Technical screen for Cloud Architect. Verify experience in Java.,2024-03-08 07:48:00
54,54,Harvey Specter,On-Site,2024-02-12,14:15:00,Completed,https://meet.google.com/def-jkl-stu,Technical screen for Cloud Architect. Verify experience in Python.,2024-02-08 06:38:00
55,55,Alice Vance,In-Person,2024-03-02,09:30:00,Completed,https://meet.google.com/abc-pqr-stu,Technical screen for ML Engineer. Verify experience in SQL.,2024-02-21 00:18:00
56,56,Donna Paulsen,Remote,2024-05-26,14:00:00,Scheduled,https://meet.google.com/ghi-pqr-yz,Technical screen for QA Lead. Verify experience in Cloud.,2024-05-15 17:14:00
57,57,Sarah Jenkins,On-Site,2024-02-09,12:00:00,Completed,https://meet.google.com/abc-mno-stu,Technical screen for Mobile Developer. Verify experience in Cloud.,2024-01-28 04:27:00
58,58,Louis Litt,On-Site,2024-03-19,15:00:00,In Progress,https://meet.google.com/def-mno-stu,Technical screen for UX Designer. Verify experience in Cloud.,2024-03-08 06:12:00
59,59,Harvey Specter,In-Person,2024-02-09,17:15:00,Scheduled,https://meet.google.com/abc-mno-yz,Technical screen for Data Analyst. Verify experience in Python.,2024-02-04 08:01:00
60,60,Louis Litt,Remote,2024-06-02,12:00:00,Cancelled,https://meet.google.com/ghi-jkl-yz,Technical screen for Business Analyst. Verify experience in Python.,2024-05-20 16:22:00
61,61,Donna Paulsen,On-Site,2024-05-24,13:30:00,Completed,https://meet.google.com/ghi-pqr-vwx,Technical screen for Data Analyst. Verify experience in SQL.,2024-05-18 15:27:00
62,62,Linda Belcher,On-Site,2024-01-17,08:45:00,Completed,https://meet.google.com/ghi-mno-stu,Technical screen for Data Analyst. Verify experience in Cloud.,2024-01-06 23:37:00
63,63,Linda Belcher,Remote,2024-06-03,08:15:00,Completed,https://meet.google.com/def-pqr-stu,Technical screen for Data Analyst. Verify experience in Java.,2024-05-25 21:53:00
64,64,Donna Paulsen,In-Person,2024-04-12,10:45:00,Completed,https://meet.google.com/abc-pqr-vwx,Technical screen for Data Analyst. Verify experience in Cloud.,2024-04-01 23:12:00
65,65,Louis Litt,On-Site,2024-06-03,14:30:00,Cancelled,https://meet.google.com/ghi-jkl-vwx,Technical screen for Mobile Developer. Verify experience in SQL.,2024-05-23 23:23:00
66,66,Linda Belcher,Remote,2024-02-01,15:45:00,Completed,https://meet.google.com/def-jkl-stu,Technical screen for Frontend Developer. Verify experience in Java.,2024-01-27 10:23:00
67,67,Donna Paulsen,In-Person,2024-02-19,08:00:00,Completed,https://meet.google.com/def-pqr-yz,Technical screen for Cloud Architect. Verify experience in Python.,2024-02-08 09:56:00
68,68,Michael Scott,Hybrid,2024-04-28,11:30:00,Completed,https://meet.google.com/abc-jkl-yz,Technical screen for Cloud Architect. Verify experience in Python.,2024-04-21 08:35:00
69,69,Louis Litt,Hybrid,2024-05-20,16:45:00,Completed,https://meet.google.com/ghi-mno-vwx,Technical screen for Product Manager. Verify experience in Python.,2024-05-07 04:30:00
70,70,Sarah Jenkins,In-Person,2024-01-31,16:30:00,Completed,https://meet.google.com/ghi-jkl-stu,Technical screen for Data Scientist. Verify experience in Python.,2024-01-22 17:35:00
71,71,Michael Scott,Remote,2024-03-03,10:30:00,Completed,https://meet.google.com/ghi-jkl-yz,Technical screen for UX Designer. Verify experience in Python.,2024-02-27 01:33:00
72,72,Linda Belcher,In-Person,2024-05-07,13:45:00,Completed,https://meet.google.com/def-mno-yz,Technical screen for Technical Lead. Verify experience in Java.,2024-04-23 20:56:00
73,73,Jessica Pearson,Hybrid,2024-01-26,09:45:00,Completed,https://meet.google.com/abc-pqr-yz,Technical screen for Project Coordinator. Verify experience in Cloud.,2024-01-14 06:15:00
74,74,Michael Scott,In-Person,2024-02-13,12:45:00,Completed,https://meet.google.com/def-jkl-vwx,Technical screen for Project Coordinator. Verify experience in Java.,2024-02-10 15:50:00
75,75,Jessica Pearson,In-Person,2024-03-19,17:30:00,Completed,https://meet.google.com/def-jkl-vwx,Technical screen for Cloud Architect. Verify experience in Java.,2024-03-10 04:53:00
76,76,Rachel Zane,In-Person,2024-02-23,14:15:00,Completed,https://meet.google.com/def-pqr-stu,Technical screen for Site Reliability Engineer. Verify experience in SQL.,2024-02-18 10:44:00
77,77,Rachel Zane,Remote,2024-03-26,12:30:00,Completed,https://meet.google.com/ghi-pqr-yz,Technical screen for Backend Developer. Verify experience in Cloud.,2024-03-23 04:20:00
78,78,Linda Belcher,Remote,2024-05-31,11:45:00,Completed,https://meet.google.com/def-mno-stu,Technical screen for Backend Developer. Verify experience in Python.,2024-05-25 17:29:00
79,79,Donna Paulsen,In-Person,2024-01-22,09:45:00,Scheduled,https://meet.google.com/def-mno-vwx,Technical screen for Security Analyst. Verify experience in Python.,2024-01-16 03:25:00
80,80,Harvey Specter,In-Person,2024-05-02,08:30:00,Completed,https://meet.google.com/def-mno-stu,Technical screen for Mobile Developer. Verify experience in Python.,2024-04-24 13:20:00
81,81,Sarah Jenkins,Hybrid,2024-04-21,10:30:00,Completed,https://meet.google.com/ghi-jkl-yz,Technical screen for Mobile Developer. Verify experience in SQL.,2024-04-16 13:21:00
82,82,Rachel Zane,On-Site,2024-03-21,16:45:00,Completed,https://meet.google.com/def-jkl-yz,Technical screen for Site Reliability Engineer. Verify experience in Python.,2024-03-12 06:21:00
83,83,Louis Litt,On-Site,2024-03-29,17:15:00,Completed,https://meet.google.com/def-mno-vwx,Technical screen for Technical Lead. Verify experience in Cloud.,2024-03-17 05:39:00
84,84,Sarah Jenkins,Hybrid,2024-05-09,15:15:00,Cancelled,https://meet.google.com/abc-jkl-yz,Technical screen for Business Analyst. Verify experience in Java.,2024-04-30 11:33:00
85,85,Harvey Specter,Hybrid,2024-05-14,10:45:00,Completed,https://meet.google.com/abc-mno-stu,Technical screen for DevOps Engineer. Verify experience in Cloud.,2024-05-02 04:07:00
86,86,Louis Litt,Remote,2024-02-11,09:00:00,In Progress,https://meet.google.com/abc-pqr-stu,Technical screen for Data Scientist. Verify experience in SQL.,2024-02-06 10:27:00
87,87,Michael Scott,In-Person,2024-03-19,13:30:00,Completed,https://meet.google.com/abc-jkl-yz,Technical screen for Frontend Developer. Verify experience in Cloud.,2024-03-10 00:22:00
88,88,Louis Litt,Remote,2024-05-23,08:45:00,Completed,https://meet.google.com/ghi-mno-vwx,Technical screen for Technical Lead. Verify experience in Java.,2024-05-14 05:11:00
89,89,Linda Belcher,Remote,2024-01-14,09:45:00,Scheduled,https://meet.google.com/ghi-mno-yz,Technical screen for Security Analyst. Verify experience in Cloud.,2024-01-08 05:28:00
90,90,Robert Thorne,On-Site,2024-05-09,16:15:00,Scheduled,https://meet.google.com/def-jkl-yz,Technical screen for Full Stack Dev. Verify experience in Python.,2024-05-05 03:41:00
91,91,Donna Paulsen,Remote,2024-02-07,10:45:00,Completed,https://meet.google.com/ghi-mno-vwx,Technical screen for Cloud Architect. Verify experience in SQL.,2024-01-27 07:06:00
92,92,Michael Scott,On-Site,2024-04-20,16:30:00,Scheduled,https://meet.google.com/abc-jkl-yz,Technical screen for Backend Developer. Verify experience in Java.,2024-04-06 23:21:00
93,93,Louis Litt,In-Person,2024-02-09,15:15:00,Completed,https://meet.google.com/def-pqr-vwx,Technical screen for Project Coordinator. Verify experience in Cloud.,2024-01-29 17:30:00
94,94,Sarah Jenkins,Hybrid,2024-02-01,09:30:00,Completed,https://meet.google.com/def-pqr-stu,Technical screen for Security Analyst. Verify experience in Java.,2024-01-18 23:35:00
95,95,Donna Paulsen,On-Site,2024-03-13,15:15:00,Completed,https://meet.google.com/def-jkl-vwx,Technical screen for Security Analyst. Verify experience in SQL.,2024-03-11 11:47:00
96,96,Robert Thorne,On-Site,2024-05-07,10:00:00,Completed,https://meet.google.com/abc-pqr-vwx,Technical screen for Data Scientist. Verify experience in Python.,2024-05-04 19:03:00
97,97,Alice Vance,In-Person,2024-03-17,12:30:00,Completed,https://meet.google.com/def-mno-stu,Technical screen for Security Analyst. Verify experience in SQL.,2024-03-05 21:27:00
98,98,Louis Litt,On-Site,2024-04-15,09:00:00,Completed,https://meet.google.com/ghi-pqr-vwx,Technical screen for Security Analyst. Verify experience in Python.,2024-04-05 13:39:00
99,99,Harvey Specter,Remote,2024-03-15,14:15:00,In Progress,https://meet.google.com/abc-jkl-vwx,Technical screen for HR Specialist. Verify experience in Cloud.,2024-03-01 21:33:00
100,100,Robert Thorne,Hybrid,2024-01-25,13:30:00,Cancelled,https://meet.google.com/abc-jkl-vwx,Technical screen for DevOps Engineer. Verify experience in Cloud.,2024-01-15 08:02:00
101,101,Jessica Pearson,Remote,2024-02-02,13:45:00,Scheduled,https://meet.google.com/abc-jkl-yz,Technical screen for Backend Developer. Verify experience in Cloud.,2024-01-28 18:04:00
102,102,Robert Thorne,In-Person,2024-04-19,15:00:00,Completed,https://meet.google.com/def-jkl-vwx,Technical screen for Full Stack Dev. Verify experience in SQL.,2024-04-13 05:03:00
103,103,Alice Vance,On-Site,2024-03-02,14:00:00,Completed,https://meet.google.com/def-jkl-yz,Technical screen for Security Analyst. Verify experience in Java.,2024-02-18 00:42:00
104,104,Alice Vance,On-Site,2024-03-16,15:00:00,Completed,https://meet.google.com/ghi-mno-yz,Technical screen for ML Engineer. Verify experience in Cloud.,2024-03-05 04:29:00
105,105,Louis Litt,Remote,2024-02-08,09:30:00,Completed,https://meet.google.com/ghi-mno-vwx,Technical screen for Data Scientist. Verify experience in Python.,2024-02-02 14:12:00
106,106,Rachel Zane,Remote,2024-05-26,09:45:00,Cancelled,https://meet.google.com/abc-mno-vwx,Technical screen for Product Manager. Verify experience in Java.,2024-05-13 17:01:00
107,107,Michael Scott,Remote,2024-05-27,13:15:00,In Progress,https://meet.google.com/ghi-mno-vwx,Technical screen for ML Engineer. Verify experience in Cloud.,2024-05-25 04:34:00
108,108,Linda Belcher,On-Site,2024-01-31,10:15:00,Completed,https://meet.google.com/abc-mno-vwx,Technical screen for Frontend Developer. Verify experience in Java.,2024-01-20 17:38:00
109,109,Jessica Pearson,In-Person,2024-04-15,08:45:00,Completed,https://meet.google.com/ghi-jkl-yz,Technical screen for Project Coordinator. Verify experience in Java.,2024-04-10 04:42:00
110,110,Jessica Pearson,Remote,2024-02-25,17:30:00,Completed,https://meet.google.com/ghi-pqr-stu,Technical screen for Cloud Architect. Verify experience in SQL.,2024-02-13 10:49:00
111,111,Harvey Specter,Remote,2024-03-26,15:00:00,Completed,https://meet.google.com/def-pqr-yz,Technical screen for QA Lead. Verify experience in SQL.,2024-03-15 02:14:00
112,112,Harvey Specter,Remote,2024-03-25,15:30:00,Scheduled,https://meet.google.com/abc-pqr-stu,Technical screen for Site Reliability Engineer. Verify experience in Cloud.,2024-03-12 00:55:00
113,113,Alice Vance,In-Person,2024-04-12,10:45:00,Completed,https://meet.google.com/abc-mno-stu,Technical screen for Business Analyst. Verify experience in Cloud.,2024-04-05 17:49:00
114,114,Sarah Jenkins,In-Person,2024-05-23,17:30:00,Completed,https://meet.google.com/ghi-pqr-vwx,Technical screen for Frontend Developer. Verify experience in Python.,2024-05-14 01:38:00
115,115,Jessica Pearson,In-Person,2024-04-29,17:00:00,Scheduled,https://meet.google.com/abc-pqr-stu,Technical screen for DevOps Engineer. Verify experience in Java.,2024-04-23 19:42:00
116,116,Louis Litt,On-Site,2024-06-04,14:45:00,In Progress,https://meet.google.com/ghi-pqr-stu,Technical screen for Technical Lead. Verify experience in Cloud.,2024-05-31 22:38:00
117,117,Sarah Jenkins,On-Site,2024-03-14,09:45:00,Completed,https://meet.google.com/def-mno-yz,Technical screen for DevOps Engineer. Verify experience in Cloud.,2024-03-05 07:57:00
118,118,Sarah Jenkins,In-Person,2024-05-12,13:00:00,Completed,https://meet.google.com/abc-mno-stu,Technical screen for Project Coordinator. Verify experience in Python.,2024-04-30 00:58:00
119,119,Jessica Pearson,In-Person,2024-05-08,16:00:00,Completed,https://meet.google.com/def-pqr-vwx,Technical screen for Mobile Developer. Verify experience in Java.,2024-04-25 19:09:00
120,120,Rachel Zane,In-Person,2024-03-08,09:15:00,Completed,https://meet.google.com/abc-mno-yz,Technical screen for Security Analyst. Verify experience in Python.,2024-03-02 05:59:00
121,121,Linda Belcher,On-Site,2024-04-06,14:45:00,Scheduled,https://meet.google.com/abc-mno-yz,Technical screen for Site Reliability Engineer. Verify experience in Cloud.,2024-03-30 04:27:00
122,122,Rachel Zane,In-Person,2024-05-19,15:00:00,Completed,https://meet.google.com/def-jkl-stu,Technical screen for Frontend Developer. Verify experience in Python.,2024-05-07 10:56:00
123,123,Rachel Zane,Remote,2024-05-30,13:15:00,Completed,https://meet.google.com/def-pqr-vwx,Technical screen for Data Scientist. Verify experience in Cloud.,2024-05-17 18:34:00
124,124,Michael Scott,Remote,2024-04-29,14:00:00,Completed,https://meet.google.com/abc-pqr-stu,Technical screen for Product Manager. Verify experience in Python.,2024-04-17 01:01:00
125,125,Rachel Zane,Remote,2024-03-07,17:15:00,Completed,https://meet.google.com/ghi-mno-yz,Technical screen for Backend Developer. Verify experience in Cloud.,2024-02-28 18:24:00
126,126,Alice Vance,On-Site,2024-02-18,15:00:00,Completed,https://meet.google.com/def-mno-stu,Technical screen for HR Specialist. Verify experience in Python.,2024-02-07 10:57:00
127,127,Louis Litt,On-Site,2024-05-09,12:45:00,Completed,https://meet.google.com/def-mno-yz,Technical screen for QA Lead. Verify experience in Python.,2024-05-01 14:39:00
128,128,Louis Litt,On-Site,2024-04-08,12:00:00,Completed,https://meet.google.com/def-mno-vwx,Technical screen for Data Scientist. Verify experience in Python.,2024-03-27 13:52:00
129,129,Jessica Pearson,Remote,2024-04-21,09:45:00,Completed,https://meet.google.com/abc-mno-yz,Technical screen for Backend Developer. Verify experience in SQL.,2024-04-07 23:02:00
130,130,Robert Thorne,Hybrid,2024-02-08,15:30:00,Cancelled,https://meet.google.com/def-pqr-stu,Technical screen for Data Scientist. Verify experience in SQL.,2024-01-29 01:33:00
131,131,Rachel Zane,On-Site,2024-05-19,17:45:00,Cancelled,https://meet.google.com/abc-mno-vwx,Technical screen for Security Analyst. Verify experience in Cloud.,2024-05-12 20:28:00
132,132,Alice Vance,On-Site,2024-02-12,17:30:00,Completed,https://meet.google.com/abc-mno-yz,Technical screen for QA Lead. Verify experience in Python.,2024-02-09 03:09:00
133,133,Linda Belcher,In-Person,2024-03-29,12:30:00,Completed,https://meet.google.com/abc-pqr-vwx,Technical screen for Mobile Developer. Verify experience in SQL.,2024-03-25 03:33:00
134,134,Louis Litt,In-Person,2024-02-20,10:00:00,Completed,https://meet.google.com/abc-mno-vwx,Technical screen for Security Analyst. Verify experience in Cloud.,2024-02-09 11:32:00
135,135,Jessica Pearson,On-Site,2024-01-22,14:15:00,Completed,https://meet.google.com/abc-pqr-stu,Technical screen for Full Stack Dev. Verify experience in Java.,2024-01-20 13:36:00
136,136,Harvey Specter,Hybrid,2024-03-23,17:45:00,Completed,https://meet.google.com/def-mno-yz,Technical screen for Mobile Developer. Verify experience in Cloud.,2024-03-18 15:09:00
137,137,Linda Belcher,Remote,2024-05-28,09:00:00,Completed,https://meet.google.com/ghi-pqr-stu,Technical screen for Product Manager. Verify experience in Java.,2024-05-16 10:19:00
138,138,Jessica Pearson,On-Site,2024-05-18,17:30:00,Scheduled,https://meet.google.com/ghi-mno-stu,Technical screen for Full Stack Dev. Verify experience in Java.,2024-05-14 10:56:00
139,139,Rachel Zane,Remote,2024-06-01,12:45:00,Completed,https://meet.google.com/ghi-mno-vwx,Technical screen for Backend Developer. Verify experience in Cloud.,2024-05-23 05:17:00
140,140,Donna Paulsen,Hybrid,2024-05-24,17:45:00,Completed,https://meet.google.com/ghi-mno-yz,Technical screen for Product Manager. Verify experience in SQL.,2024-05-14 12:33:00
141,141,Jessica Pearson,On-Site,2024-05-06,11:00:00,Completed,https://meet.google.com/ghi-mno-stu,Technical screen for Technical Lead. Verify experience in Python.,2024-04-26 16:00:00
142,142,Donna Paulsen,Hybrid,2024-06-13,11:45:00,Cancelled,https://meet.google.com/abc-mno-stu,Technical screen for Project Coordinator. Verify experience in SQL.,2024-06-02 21:04:00
143,143,Alice Vance,Remote,2024-06-03,12:45:00,Completed,https://meet.google.com/def-pqr-vwx,Technical screen for Backend Developer. Verify experience in SQL.,2024-05-31 19:46:00
144,144,Rachel Zane,Remote,2024-03-06,14:15:00,Completed,https://meet.google.com/ghi-jkl-stu,Technical screen for Full Stack Dev. Verify experience in SQL.,2024-03-02 11:15:00
145,145,Jessica Pearson,In-Person,2024-01-26,16:00:00,Completed,https://meet.google.com/abc-mno-stu,Technical screen for Product Manager. Verify experience in SQL.,2024-01-19 13:25:00
146,146,Harvey Specter,Remote,2024-04-21,14:30:00,Completed,https://meet.google.com/abc-mno-vwx,Technical screen for Full Stack Dev. Verify experience in Python.,2024-04-15 12:16:00
147,147,Jessica Pearson,Hybrid,2024-05-21,11:30:00,Completed,https://meet.google.com/ghi-mno-yz,Technical screen for Cloud Architect. Verify experience in Python.,2024-05-16 00:46:00
148,148,Linda Belcher,Remote,2024-03-28,14:15:00,Completed,https://meet.google.com/ghi-mno-stu,Technical screen for Cloud Architect. Verify experience in Cloud.,2024-03-18 00:54:00
149,149,Jessica Pearson,Remote,2024-03-29,10:15:00,Completed,https://meet.google.com/abc-mno-vwx,Technical screen for DevOps Engineer. Verify experience in Cloud.,2024-03-19 09:43:00
150,150,Michael Scott,Remote,2024-05-05,16:45:00,Cancelled,https://meet.google.com/abc-pqr-yz,Technical screen for DevOps Engineer. Verify experience in Cloud.,2024-04-30 05:03:00
151,151,Alice Vance,Hybrid,2024-04-02,13:00:00,Completed,https://meet.google.com/abc-pqr-yz,Technical screen for Data Scientist. Verify experience in SQL.,2024-03-26 07:33:00
152,152,Donna Paulsen,In-Person,2024-02-05,08:00:00,Scheduled,https://meet.google.com/def-pqr-yz,Technical screen for Systems Admin. Verify experience in Java.,2024-01-31 07:29:00
153,153,Jessica Pearson,Hybrid,2024-05-17,14:45:00,Scheduled,https://meet.google.com/abc-pqr-vwx,Technical screen for Frontend Developer. Verify experience in Java.,2024-05-12 14:45:00
154,154,Jessica Pearson,On-Site,2024-02-05,09:15:00,Completed,https://meet.google.com/ghi-mno-yz,Technical screen for Full Stack Dev. Verify experience in Cloud.,2024-02-01 08:12:00
155,155,Rachel Zane,Remote,2024-03-27,09:45:00,Completed,https://meet.google.com/abc-mno-vwx,Technical screen for Security Analyst. Verify experience in Java.,2024-03-16 02:05:00
156,156,Linda Belcher,In-Person,2024-02-16,11:15:00,Scheduled,https://meet.google.com/abc-pqr-vwx,Technical screen for Data Analyst. Verify experience in Java.,2024-02-07 13:53:00
157,157,Michael Scott,On-Site,2024-04-10,15:15:00,Completed,https://meet.google.com/ghi-pqr-yz,Technical screen for Site Reliability Engineer. Verify experience in SQL.,2024-03-29 04:39:00
158,158,Louis Litt,On-Site,2024-03-29,16:00:00,Completed,https://meet.google.com/abc-mno-yz,Technical screen for Systems Admin. Verify experience in Java.,2024-03-17 14:51:00
159,159,Robert Thorne,In-Person,2024-06-03,12:15:00,Cancelled,https://meet.google.com/def-pqr-vwx,Technical screen for Data Scientist. Verify experience in Python.,2024-06-01 00:03:00
160,160,Harvey Specter,Remote,2024-02-11,16:45:00,Scheduled,https://meet.google.com/ghi-jkl-stu,Technical screen for DevOps Engineer. Verify experience in Python.,2024-02-09 08:50:00
161,161,Linda Belcher,Remote,2024-01-24,16:30:00,Scheduled,https://meet.google.com/def-jkl-stu,Technical screen for Site Reliability Engineer. Verify experience in Java.,2024-01-13 08:03:00
162,162,Harvey Specter,In-Person,2024-03-16,17:45:00,Scheduled,https://meet.google.com/def-mno-vwx,Technical screen for Security Analyst. Verify experience in SQL.,2024-03-02 20:22:00
163,163,Louis Litt,Remote,2024-02-12,08:15:00,Scheduled,https://meet.google.com/ghi-mno-stu,Technical screen for Data Scientist. Verify experience in SQL.,2024-02-09 03:40:00
164,164,Alice Vance,In-Person,2024-02-04,11:45:00,Scheduled,https://meet.google.com/def-jkl-stu,Technical screen for Backend Developer. Verify experience in Java.,2024-02-01 23:25:00
165,165,Sarah Jenkins,On-Site,2024-01-23,11:00:00,Completed,https://meet.google.com/def-mno-vwx,Technical screen for UX Designer. Verify experience in SQL.,2024-01-12 04:19:00
166,166,Louis Litt,In-Person,2024-01-16,12:30:00,Cancelled,https://meet.google.com/def-mno-yz,Technical screen for ML Engineer. Verify experience in SQL.,2024-01-08 17:09:00
167,167,Sarah Jenkins,On-Site,2024-04-12,17:00:00,Cancelled,https://meet.google.com/def-mno-stu,Technical screen for Product Manager. Verify experience in Python.,2024-04-07 17:12:00
168,168,Robert Thorne,Hybrid,2024-02-23,17:15:00,Completed,https://meet.google.com/ghi-pqr-vwx,Technical screen for Software Engineer. Verify experience in Cloud.,2024-02-14 12:19:00
169,169,Jessica Pearson,In-Person,2024-04-22,08:00:00,Completed,https://meet.google.com/def-jkl-stu,Technical screen for Data Analyst. Verify experience in SQL.,2024-04-12 20:07:00
170,170,Harvey Specter,In-Person,2024-04-05,12:15:00,Completed,https://meet.google.com/abc-pqr-stu,Technical screen for Systems Admin. Verify experience in SQL.,2024-04-02 21:53:00
171,171,Michael Scott,Hybrid,2024-05-12,10:30:00,Scheduled,https://meet.google.com/ghi-jkl-yz,Technical screen for Technical Lead. Verify experience in Java.,2024-05-04 11:58:00
172,172,Harvey Specter,On-Site,2024-02-22,17:45:00,Completed,https://meet.google.com/ghi-pqr-vwx,Technical screen for Data Scientist. Verify experience in Java.,2024-02-20 03:32:00
173,173,Alice Vance,On-Site,2024-05-12,15:30:00,Completed,https://meet.google.com/abc-mno-yz,Technical screen for Cloud Architect. Verify experience in Java.,2024-05-02 02:03:00
174,174,Michael Scott,On-Site,2024-05-06,10:15:00,Cancelled,https://meet.google.com/abc-mno-stu,Technical screen for Full Stack Dev. Verify experience in Python.,2024-04-25 21:32:00
175,175,Donna Paulsen,Remote,2024-06-07,14:00:00,Cancelled,https://meet.google.com/ghi-pqr-yz,Technical screen for Site Reliability Engineer. Verify experience in Python.,2024-05-31 13:42:00
176,176,Jessica Pearson,Remote,2024-05-02,15:45:00,Completed,https://meet.google.com/ghi-jkl-yz,Technical screen for Business Analyst. Verify experience in Java.,2024-04-29 15:07:00
177,177,Michael Scott,On-Site,2024-01-29,09:45:00,Scheduled,https://meet.google.com/def-mno-yz,Technical screen for Full Stack Dev. Verify experience in Python.,2024-01-26 16:21:00
178,178,Louis Litt,Remote,2024-05-04,12:15:00,Completed,https://meet.google.com/abc-mno-stu,Technical screen for HR Specialist. Verify experience in SQL.,2024-04-22 22:07:00
179,179,Robert Thorne,In-Person,2024-04-09,12:45:00,Completed,https://meet.google.com/def-pqr-yz,Technical screen for Security Analyst. Verify experience in Python.,2024-04-03 20:21:00
180,180,Louis Litt,In-Person,2024-04-30,08:15:00,Completed,https://meet.google.com/def-pqr-yz,Technical screen for Data Scientist. Verify experience in SQL.,2024-04-19 05:27:00
181,181,Jessica Pearson,On-Site,2024-02-11,09:00:00,Completed,https://meet.google.com/ghi-mno-stu,Technical screen for Product Manager. Verify experience in SQL.,2024-01-31 14:49:00
182,182,Louis Litt,In-Person,2024-04-21,16:15:00,Completed,https://meet.google.com/ghi-jkl-yz,Technical screen for Mobile Developer. Verify experience in Java.,2024-04-09 07:48:00
183,183,Sarah Jenkins,Hybrid,2024-04-01,14:00:00,Completed,https://meet.google.com/ghi-pqr-vwx,Technical screen for Software Engineer. Verify experience in Python.,2024-03-23 21:39:00
184,184,Sarah Jenkins,Hybrid,2024-04-28,08:45:00,Completed,https://meet.google.com/abc-mno-vwx,Technical screen for Product Manager. Verify experience in SQL.,2024-04-24 18:34:00
185,185,Alice Vance,In-Person,2024-06-06,08:45:00,Scheduled,https://meet.google.com/ghi-mno-stu,Technical screen for Frontend Developer. Verify experience in Cloud.,2024-05-31 03:53:00
186,186,Rachel Zane,On-Site,2024-03-15,09:00:00,Completed,https://meet.google.com/abc-jkl-vwx,Technical screen for Cloud Architect. Verify experience in Java.,2024-03-10 15:53:00
187,187,Linda Belcher,Remote,2024-01-18,08:30:00,Completed,https://meet.google.com/def-pqr-yz,Technical screen for UX Designer. Verify experience in Java.,2024-01-05 22:44:00
188,188,Robert Thorne,In-Person,2024-05-23,10:00:00,Completed,https://meet.google.com/ghi-mno-yz,Technical screen for Data Scientist. Verify experience in SQL.,2024-05-14 06:37:00
189,189,Harvey Specter,In-Person,2024-03-08,14:00:00,In Progress,https://meet.google.com/ghi-mno-stu,Technical screen for Data Analyst. Verify experience in SQL.,2024-02-27 00:44:00
190,190,Robert Thorne,On-Site,2024-01-26,13:00:00,Cancelled,https://meet.google.com/abc-mno-yz,Technical screen for UX Designer. Verify experience in SQL.,2024-01-20 16:09:00
191,191,Rachel Zane,Remote,2024-02-06,12:30:00,Scheduled,https://meet.google.com/ghi-pqr-vwx,Technical screen for HR Specialist. Verify experience in SQL.,2024-02-03 10:50:00
192,192,Linda Belcher,On-Site,2024-05-18,11:30:00,Completed,https://meet.google.com/ghi-jkl-stu,Technical screen for Data Scientist. Verify experience in SQL.,2024-05-06 20:52:00
193,193,Louis Litt,Remote,2024-02-24,11:00:00,Completed,https://meet.google.com/ghi-mno-stu,Technical screen for Project Coordinator. Verify experience in Java.,2024-02-17 13:30:00
194,194,Harvey Specter,Hybrid,2024-03-01,15:30:00,Completed,https://meet.google.com/def-mno-yz,Technical screen for Systems Admin. Verify experience in Python.,2024-02-24 06:22:00
195,195,Rachel Zane,In-Person,2024-03-01,11:00:00,Completed,https://meet.google.com/ghi-pqr-vwx,Technical screen for Full Stack Dev. Verify experience in SQL.,2024-02-20 12:23:00
196,196,Linda Belcher,In-Person,2024-03-01,11:15:00,Completed,https://meet.google.com/abc-jkl-stu,Technical screen for Backend Developer. Verify experience in Cloud.,2024-02-23 23:43:00
197,197,Alice Vance,In-Person,2024-04-06,17:30:00,Completed,https://meet.google.com/def-jkl-vwx,Technical screen for Site Reliability Engineer. Verify experience in SQL.,2024-03-27 21:31:00
198,198,Harvey Specter,Remote,2024-03-17,13:00:00,Completed,https://meet.google.com/abc-jkl-vwx,Technical screen for Systems Admin. Verify experience in Cloud.,2024-03-08 14:47:00
199,199,Donna Paulsen,On-Site,2024-03-14,12:45:00,Scheduled,https://meet.google.com/abc-jkl-vwx,Technical screen for Software Engineer. Verify experience in Java.,2024-03-06 09:35:00
200,200,Louis Litt,In-Person,2024-04-08,17:15:00,Completed,https://meet.google.com/def-jkl-vwx,Technical screen for HR Specialist. Verify experience in Java.,2024-04-04 08:12:00
201,201,Jessica Pearson,On-Site,2024-02-29,08:45:00,Completed,https://meet.google.com/ghi-pqr-stu,Technical screen for Frontend Developer. Verify experience in SQL.,2024-02-17 12:28:00
202,202,Robert Thorne,Remote,2024-06-03,12:30:00,Completed,https://meet.google.com/def-mno-yz,Technical screen for Data Analyst. Verify experience in Java.,2024-06-01 11:31:00
203,203,Jessica Pearson,In-Person,2024-03-13,16:00:00,Completed,https://meet.google.com/def-jkl-vwx,Technical screen for Security Analyst. Verify experience in Cloud.,2024-03-04 02:41:00
204,204,Louis Litt,Remote,2024-05-27,17:00:00,Cancelled,https://meet.google.com/abc-pqr-yz,Technical screen for Security Analyst. Verify experience in Python.,2024-05-17 06:39:00
205,205,Donna Paulsen,Remote,2024-04-12,16:00:00,Cancelled,https://meet.google.com/ghi-mno-vwx,Technical screen for Frontend Developer. Verify experience in SQL.,2024-03-30 16:03:00
206,206,Donna Paulsen,On-Site,2024-04-15,17:30:00,Scheduled,https://meet.google.com/abc-mno-stu,Technical screen for ML Engineer. Verify experience in SQL.,2024-04-06 14:57:00
207,207,Rachel Zane,Hybrid,2024-02-28,17:30:00,Scheduled,https://meet.google.com/abc-jkl-vwx,Technical screen for Mobile Developer. Verify experience in Cloud.,2024-02-20 15:59:00
208,208,Michael Scott,Hybrid,2024-05-27,11:15:00,In Progress,https://meet.google.com/abc-pqr-vwx,Technical screen for Cloud Architect. Verify experience in SQL.,2024-05-16 11:50:00
209,209,Sarah Jenkins,On-Site,2024-05-26,10:45:00,Completed,https://meet.google.com/ghi-jkl-yz,Technical screen for Frontend Developer. Verify experience in SQL.,2024-05-21 04:51:00
210,210,Donna Paulsen,Remote,2024-02-21,09:30:00,Completed,https://meet.google.com/def-mno-yz,Technical screen for Project Coordinator. Verify experience in Python.,2024-02-17 22:14:00
211,211,Sarah Jenkins,On-Site,2024-02-14,16:30:00,Cancelled,https://meet.google.com/ghi-pqr-yz,Technical screen for QA Lead. Verify experience in Java.,2024-02-01 23:43:00
212,212,Linda Belcher,Hybrid,2024-01-28,14:30:00,Cancelled,https://meet.google.com/abc-pqr-yz,Technical screen for Data Analyst. Verify experience in Java.,2024-01-15 19:13:00
213,213,Rachel Zane,In-Person,2024-03-23,10:45:00,Scheduled,https://meet.google.com/ghi-mno-stu,Technical screen for Technical Lead. Verify experience in Python.,2024-03-14 04:19:00
214,214,Rachel Zane,In-Person,2024-05-18,08:15:00,Completed,https://meet.google.com/abc-pqr-yz,Technical screen for Business Analyst. Verify experience in SQL.,2024-05-11 03:56:00
215,215,Rachel Zane,On-Site,2024-02-07,17:15:00,Completed,https://meet.google.com/def-mno-vwx,Technical screen for Site Reliability Engineer. Verify experience in Cloud.,2024-02-01 12:09:00
216,216,Linda Belcher,Remote,2024-04-26,11:30:00,Completed,https://meet.google.com/abc-mno-yz,Technical screen for Project Coordinator. Verify experience in SQL.,2024-04-20 04:31:00
217,217,Louis Litt,On-Site,2024-05-03,12:15:00,Scheduled,https://meet.google.com/ghi-mno-stu,Technical screen for DevOps Engineer. Verify experience in Cloud.,2024-04-21 10:28:00
218,218,Harvey Specter,On-Site,2024-03-28,15:00:00,Completed,https://meet.google.com/ghi-jkl-yz,Technical screen for Technical Lead. Verify experience in Java.,2024-03-14 21:56:00
219,219,Robert Thorne,On-Site,2024-04-01,14:30:00,Completed,https://meet.google.com/def-jkl-yz,Technical screen for Technical Lead. Verify experience in Python.,2024-03-23 12:03:00
220,220,Harvey Specter,Hybrid,2024-02-15,16:00:00,Completed,https://meet.google.com/def-pqr-stu,Technical screen for Systems Admin. Verify experience in SQL.,2024-02-08 16:45:00
221,221,Rachel Zane,In-Person,2024-04-05,11:15:00,Completed,https://meet.google.com/abc-mno-vwx,Technical screen for DevOps Engineer. Verify experience in Python.,2024-03-27 22:22:00
222,222,Linda Belcher,In-Person,2024-06-06,16:00:00,Completed,https://meet.google.com/def-pqr-stu,Technical screen for Product Manager. Verify experience in Java.,2024-06-03 02:40:00
223,223,Sarah Jenkins,On-Site,2024-03-29,14:30:00,Completed,https://meet.google.com/def-mno-yz,Technical screen for Business Analyst. Verify experience in Cloud.,2024-03-20 21:04:00
224,224,Michael Scott,On-Site,2024-05-14,09:15:00,Cancelled,https://meet.google.com/def-pqr-vwx,Technical screen for Product Manager. Verify experience in Python.,2024-05-10 08:42:00
225,225,Sarah Jenkins,Remote,2024-04-05,09:15:00,Completed,https://meet.google.com/abc-jkl-vwx,Technical screen for Technical Lead. Verify experience in Cloud.,2024-04-02 19:07:00
226,226,Michael Scott,On-Site,2024-02-20,12:15:00,In Progress,https://meet.google.com/abc-mno-stu,Technical screen for HR Specialist. Verify experience in Python.,2024-02-09 08:35:00
227,227,Rachel Zane,On-Site,2024-01-24,08:15:00,Completed,https://meet.google.com/def-mno-yz,Technical screen for Project Coordinator. Verify experience in Python.,2024-01-18 01:07:00
228,228,Michael Scott,Remote,2024-06-10,14:15:00,Completed,https://meet.google.com/def-pqr-vwx,Technical screen for DevOps Engineer. Verify experience in Cloud.,2024-06-01 23:01:00
229,229,Sarah Jenkins,Remote,2024-04-27,12:45:00,Scheduled,https://meet.google.com/ghi-mno-stu,Technical screen for Mobile Developer. Verify experience in Cloud.,2024-04-17 03:16:00
230,230,Michael Scott,Remote,2024-05-02,17:45:00,Completed,https://meet.google.com/ghi-mno-stu,Technical screen for Technical Lead. Verify experience in Python.,2024-04-28 22:57:00
231,231,Rachel Zane,Remote,2024-01-20,15:00:00,Completed,https://meet.google.com/abc-mno-stu,Technical screen for Backend Developer. Verify experience in Cloud.,2024-01-18 04:02:00
232,232,Harvey Specter,In-Person,2024-02-23,12:45:00,Completed,https://meet.google.com/ghi-pqr-yz,Technical screen for Cloud Architect. Verify experience in Cloud.,2024-02-18 01:23:00
233,233,Harvey Specter,Remote,2024-06-02,09:15:00,Completed,https://meet.google.com/def-jkl-stu,Technical screen for QA Lead. Verify experience in SQL.,2024-05-25 18:52:00
234,234,Alice Vance,On-Site,2024-06-05,13:15:00,Completed,https://meet.google.com/def-mno-yz,Technical screen for Cloud Architect. Verify experience in Cloud.,2024-05-31 14:18:00
235,235,Jessica Pearson,On-Site,2024-06-12,14:45:00,Scheduled,https://meet.google.com/abc-jkl-stu,Technical screen for Systems Admin. Verify experience in Python.,2024-06-02 10:48:00
236,236,Jessica Pearson,Remote,2024-01-22,16:45:00,Completed,https://meet.google.com/ghi-mno-stu,Technical screen for Systems Admin. Verify experience in Python.,2024-01-16 10:42:00
237,237,Jessica Pearson,On-Site,2024-05-13,16:15:00,Completed,https://meet.google.com/abc-pqr-vwx,Technical screen for Product Manager. Verify experience in SQL.,2024-05-09 06:12:00
238,238,Robert Thorne,Hybrid,2024-02-17,14:00:00,Completed,https://meet.google.com/abc-jkl-yz,Technical screen for Data Scientist. Verify experience in SQL.,2024-02-04 16:15:00
239,239,Louis Litt,Remote,2024-03-03,08:30:00,Completed,https://meet.google.com/def-jkl-stu,Technical screen for UX Designer. Verify experience in Java.,2024-02-20 19:50:00
240,240,Robert Thorne,Remote,2024-05-31,13:00:00,Completed,https://meet.google.com/def-pqr-stu,Technical screen for ML Engineer. Verify experience in Cloud.,2024-05-19 06:55:00
241,241,Robert Thorne,In-Person,2024-03-27,16:15:00,In Progress,https://meet.google.com/ghi-pqr-stu,Technical screen for Project Coordinator. Verify experience in Python.,2024-03-24 20:43:00
242,242,Sarah Jenkins,Remote,2024-04-23,16:15:00,Completed,https://meet.google.com/def-jkl-yz,Technical screen for Project Coordinator. Verify experience in Cloud.,2024-04-17 13:43:00
243,243,Jessica Pearson,Hybrid,2024-05-29,10:15:00,Completed,https://meet.google.com/abc-jkl-stu,Technical screen for Product Manager. Verify experience in SQL.,2024-05-21 04:00:00
244,244,Sarah Jenkins,Remote,2024-01-21,15:30:00,Completed,https://meet.google.com/ghi-jkl-yz,Technical screen for Project Coordinator. Verify experience in SQL.,2024-01-09 19:58:00
245,245,Louis Litt,On-Site,2024-02-16,09:30:00,Completed,https://meet.google.com/ghi-jkl-yz,Technical screen for Security Analyst. Verify experience in SQL.,2024-02-04 10:51:00
246,246,Alice Vance,Hybrid,2024-02-27,08:00:00,In Progress,https://meet.google.com/abc-mno-yz,Technical screen for Backend Developer. Verify experience in Cloud.,2024-02-18 23:43:00
247,247,Louis Litt,Remote,2024-05-02,11:00:00,Completed,https://meet.google.com/abc-pqr-stu,Technical screen for Software Engineer. Verify experience in Java.,2024-04-30 01:07:00
248,248,Jessica Pearson,Remote,2024-05-28,09:00:00,Completed,https://meet.google.com/ghi-jkl-stu,Technical screen for Mobile Developer. Verify experience in Java.,2024-05-15 16:52:00
249,249,Rachel Zane,On-Site,2024-04-18,15:00:00,Scheduled,https://meet.google.com/def-jkl-stu,Technical screen for UX Designer. Verify experience in Python.,2024-04-12 06:18:00
250,250,Harvey Specter,On-Site,2024-05-22,10:45:00,Completed,https://meet.google.com/abc-jkl-yz,Technical screen for Project Coordinator. Verify experience in Cloud.,2024-05-09 03:24:00
251,251,Linda Belcher,In-Person,2024-01-17,09:45:00,Cancelled,https://meet.google.com/ghi-mno-stu,Technical screen for Cloud Architect. Verify experience in Cloud.,2024-01-15 01:38:00
252,252,Sarah Jenkins,Remote,2024-03-12,10:15:00,Completed,https://meet.google.com/ghi-mno-stu,Technical screen for Systems Admin. Verify experience in Java.,2024-03-04 08:23:00
253,253,Robert Thorne,Hybrid,2024-05-17,08:15:00,Completed,https://meet.google.com/def-mno-vwx,Technical screen for Systems Admin. Verify experience in Cloud.,2024-05-07 07:24:00
254,254,Alice Vance,Remote,2024-01-16,08:15:00,Cancelled,https://meet.google.com/ghi-jkl-vwx,Technical screen for Site Reliability Engineer. Verify experience in Java.,2024-01-02 21:49:00
255,255,Harvey Specter,Hybrid,2024-05-28,14:45:00,Completed,https://meet.google.com/def-pqr-stu,Technical screen for Technical Lead. Verify experience in SQL.,2024-05-21 20:36:00
256,256,Donna Paulsen,Hybrid,2024-02-26,09:15:00,Completed,https://meet.google.com/def-jkl-yz,Technical screen for Software Engineer. Verify experience in Python.,2024-02-22 19:55:00
257,257,Sarah Jenkins,Remote,2024-02-15,16:45:00,Completed,https://meet.google.com/abc-mno-stu,Technical screen for Product Manager. Verify experience in Cloud.,2024-02-03 20:27:00
258,258,Louis Litt,In-Person,2024-03-03,09:15:00,Completed,https://meet.google.com/abc-mno-yz,Technical screen for Security Analyst. Verify experience in Cloud.,2024-02-21 10:10:00
259,259,Louis Litt,On-Site,2024-02-13,15:15:00,Completed,https://meet.google.com/abc-jkl-yz,Technical screen for HR Specialist. Verify experience in SQL.,2024-02-01 16:33:00
260,260,Robert Thorne,Hybrid,2024-01-28,12:45:00,Completed,https://meet.google.com/def-mno-stu,Technical screen for Business Analyst. Verify experience in Java.,2024-01-15 13:23:00
261,261,Linda Belcher,Remote,2024-05-14,10:00:00,Completed,https://meet.google.com/def-jkl-yz,Technical screen for Data Analyst. Verify experience in Cloud.,2024-05-09 01:32:00
262,262,Sarah Jenkins,On-Site,2024-04-09,09:30:00,Completed,https://meet.google.com/def-mno-yz,Technical screen for DevOps Engineer. Verify experience in Java.,2024-03-31 07:25:00
263,263,Robert Thorne,Hybrid,2024-03-24,14:45:00,Cancelled,https://meet.google.com/def-mno-yz,Technical screen for Frontend Developer. Verify experience in Java.,2024-03-19 19:40:00
264,264,Linda Belcher,On-Site,2024-03-18,12:45:00,Completed,https://meet.google.com/ghi-mno-yz,Technical screen for Site Reliability Engineer. Verify experience in Cloud.,2024-03-06 23:32:00
265,265,Sarah Jenkins,On-Site,2024-03-19,08:00:00,Completed,https://meet.google.com/abc-pqr-yz,Technical screen for ML Engineer. Verify experience in SQL.,2024-03-17 00:09:00
266,266,Michael Scott,Remote,2024-06-01,13:45:00,Cancelled,https://meet.google.com/abc-pqr-stu,Technical screen for Backend Developer. Verify experience in SQL.,2024-05-27 06:12:00
267,267,Harvey Specter,On-Site,2024-02-03,13:15:00,Completed,https://meet.google.com/def-jkl-stu,Technical screen for DevOps Engineer. Verify experience in Java.,2024-01-23 00:45:00
268,268,Louis Litt,Remote,2024-06-04,14:15:00,Completed,https://meet.google.com/abc-pqr-yz,Technical screen for HR Specialist. Verify experience in Cloud.,2024-05-29 06:13:00
269,269,Sarah Jenkins,Remote,2024-03-03,08:30:00,Completed,https://meet.google.com/ghi-pqr-yz,Technical screen for Security Analyst. Verify experience in SQL.,2024-02-29 22:04:00
270,270,Linda Belcher,Remote,2024-01-26,09:00:00,Completed,https://meet.google.com/abc-jkl-stu,Technical screen for ML Engineer. Verify experience in Java.,2024-01-16 12:11:00
271,271,Donna Paulsen,On-Site,2024-04-16,12:30:00,Completed,https://meet.google.com/abc-jkl-yz,Technical screen for ML Engineer. Verify experience in Cloud.,2024-04-03 03:55:00
272,272,Donna Paulsen,On-Site,2024-04-30,10:00:00,Cancelled,https://meet.google.com/def-jkl-stu,Technical screen for HR Specialist. Verify experience in Python.,2024-04-27 22:05:00
273,273,Robert Thorne,On-Site,2024-01-23,13:30:00,Completed,https://meet.google.com/abc-mno-vwx,Technical screen for Systems Admin. Verify experience in SQL.,2024-01-16 19:14:00
274,274,Alice Vance,On-Site,2024-03-09,09:15:00,In Progress,https://meet.google.com/def-mno-yz,Technical screen for Business Analyst. Verify experience in Java.,2024-02-29 13:53:00
275,275,Louis Litt,Hybrid,2024-05-10,14:45:00,Completed,https://meet.google.com/def-pqr-yz,Technical screen for Mobile Developer. Verify experience in SQL.,2024-05-08 08:10:00
276,276,Louis Litt,In-Person,2024-06-03,08:00:00,Completed,https://meet.google.com/abc-jkl-yz,Technical screen for Project Coordinator. Verify experience in Python.,2024-05-22 07:45:00
277,277,Donna Paulsen,Hybrid,2024-04-16,09:15:00,Completed,https://meet.google.com/def-pqr-vwx,Technical screen for UX Designer. Verify experience in SQL.,2024-04-10 08:48:00
278,278,Donna Paulsen,Remote,2024-01-25,08:30:00,Cancelled,https://meet.google.com/ghi-jkl-yz,Technical screen for Site Reliability Engineer. Verify experience in Cloud.,2024-01-17 22:47:00
279,279,Jessica Pearson,In-Person,2024-01-29,10:15:00,Completed,https://meet.google.com/def-pqr-yz,Technical screen for Security Analyst. Verify experience in Java.,2024-01-20 17:24:00
280,280,Harvey Specter,Remote,2024-03-11,14:45:00,Completed,https://meet.google.com/abc-pqr-stu,Technical screen for Data Scientist. Verify experience in Python.,2024-03-08 20:07:00
281,281,Sarah Jenkins,On-Site,2024-02-03,08:00:00,Completed,https://meet.google.com/abc-mno-stu,Technical screen for DevOps Engineer. Verify experience in Java.,2024-01-27 09:42:00
282,282,Jessica Pearson,In-Person,2024-05-24,10:45:00,Completed,https://meet.google.com/abc-mno-yz,Technical screen for Software Engineer. Verify experience in Python.,2024-05-16 08:15:00
283,283,Donna Paulsen,In-Person,2024-01-20,11:45:00,Cancelled,https://meet.google.com/ghi-pqr-vwx,Technical screen for Product Manager. Verify experience in Java.,2024-01-16 18:52:00
284,284,Alice Vance,In-Person,2024-01-14,17:15:00,Completed,https://meet.google.com/abc-jkl-vwx,Technical screen for Systems Admin. Verify experience in Java.,2024-01-09 13:20:00
285,285,Harvey Specter,On-Site,2024-03-21,17:00:00,Completed,https://meet.google.com/ghi-jkl-yz,Technical screen for Mobile Developer. Verify experience in Java.,2024-03-09 23:09:00
286,286,Harvey Specter,Hybrid,2024-05-06,12:30:00,In Progress,https://meet.google.com/abc-jkl-stu,Technical screen for Site Reliability Engineer. Verify experience in SQL.,2024-04-28 20:11:00
287,287,Louis Litt,On-Site,2024-02-19,15:45:00,Completed,https://meet.google.com/ghi-pqr-yz,Technical screen for Full Stack Dev. Verify experience in Python.,2024-02-14 06:15:00
288,288,Jessica Pearson,Hybrid,2024-05-26,16:00:00,Completed,https://meet.google.com/def-mno-stu,Technical screen for Full Stack Dev. Verify experience in Java.,2024-05-13 09:46:00
289,289,Louis Litt,In-Person,2024-05-14,14:45:00,Completed,https://meet.google.com/ghi-mno-stu,Technical screen for Technical Lead. Verify experience in Java.,2024-05-07 17:38:00
290,290,Donna Paulsen,In-Person,2024-06-05,17:45:00,Completed,https://meet.google.com/ghi-pqr-stu,Technical screen for Product Manager. Verify experience in Java.,2024-05-26 03:37:00
291,291,Rachel Zane,In-Person,2024-04-16,12:00:00,Scheduled,https://meet.google.com/abc-mno-vwx,Technical screen for Backend Developer. Verify experience in Cloud.,2024-04-06 13:20:00
292,292,Michael Scott,Hybrid,2024-03-08,14:30:00,Cancelled,https://meet.google.com/abc-jkl-yz,Technical screen for Cloud Architect. Verify experience in Cloud.,2024-02-26 17:28:00
293,293,Rachel Zane,On-Site,2024-03-31,12:45:00,Completed,https://meet.google.com/def-mno-yz,Technical screen for Data Scientist. Verify experience in Java.,2024-03-28 04:45:00
294,294,Donna Paulsen,Hybrid,2024-02-28,13:00:00,Completed,https://meet.google.com/ghi-mno-yz,Technical screen for DevOps Engineer. Verify experience in Cloud.,2024-02-19 17:16:00
295,295,Rachel Zane,Hybrid,2024-06-14,12:00:00,Completed,https://meet.google.com/def-jkl-yz,Technical screen for ML Engineer. Verify experience in Cloud.,2024-06-01 08:31:00
296,296,Michael Scott,In-Person,2024-05-05,10:30:00,Scheduled,https://meet.google.com/ghi-mno-stu,Technical screen for Cloud Architect. Verify experience in SQL.,2024-05-01 07:27:00
297,297,Linda Belcher,Remote,2024-03-01,08:45:00,Completed,https://meet.google.com/abc-mno-vwx,Technical screen for HR Specialist. Verify experience in Java.,2024-02-19 06:02:00
298,298,Robert Thorne,Hybrid,2024-04-24,17:30:00,Completed,https://meet.google.com/ghi-pqr-stu,Technical screen for Full Stack Dev. Verify experience in SQL.,2024-04-11 12:08:00
299,299,Robert Thorne,On-Site,2024-01-11,12:45:00,Scheduled,https://meet.google.com/def-jkl-yz,Technical screen for Site Reliability Engineer. Verify experience in Java.,2024-01-08 20:00:00
300,300,Michael Scott,On-Site,2024-05-11,13:00:00,Completed,https://meet.google.com/def-jkl-stu,Technical screen for ML Engineer. Verify experience in SQL.,2024-04-27 18:18:00
301,301,Rachel Zane,Hybrid,2024-02-09,16:15:00,Completed,https://meet.google.com/def-mno-vwx,Technical screen for HR Specialist. Verify experience in SQL.,2024-01-31 18:42:00
302,302,Rachel Zane,In-Person,2024-03-22,12:30:00,Completed,https://meet.google.com/abc-jkl-yz,Technical screen for Business Analyst. Verify experience in Python.,2024-03-11 04:13:00
303,303,Linda Belcher,Remote,2024-01-13,10:45:00,Completed,https://meet.google.com/abc-jkl-yz,Technical screen for QA Lead. Verify experience in Python.,2024-01-04 05:19:00
304,304,Louis Litt,On-Site,2024-03-21,16:45:00,Completed,https://meet.google.com/def-jkl-yz,Technical screen for Cloud Architect. Verify experience in Java.,2024-03-15 19:21:00
305,305,Sarah Jenkins,Remote,2024-03-31,13:30:00,Completed,https://meet.google.com/abc-pqr-stu,Technical screen for Security Analyst. Verify experience in Cloud.,2024-03-24 09:03:00
306,306,Donna Paulsen,Hybrid,2024-03-16,17:30:00,Completed,https://meet.google.com/ghi-jkl-vwx,Technical screen for Product Manager. Verify experience in SQL.,2024-03-04 01:48:00
307,307,Michael Scott,Hybrid,2024-03-18,14:00:00,Completed,https://meet.google.com/ghi-jkl-stu,Technical screen for Full Stack Dev. Verify experience in Java.,2024-03-09 01:48:00
308,308,Rachel Zane,In-Person,2024-03-31,14:45:00,Scheduled,https://meet.google.com/ghi-pqr-stu,Technical screen for Data Scientist. Verify experience in Java.,2024-03-28 08:32:00
309,309,Alice Vance,Hybrid,2024-03-07,08:15:00,Completed,https://meet.google.com/def-pqr-stu,Technical screen for Full Stack Dev. Verify experience in SQL.,2024-02-29 20:23:00
310,310,Michael Scott,Hybrid,2024-05-30,10:15:00,Completed,https://meet.google.com/ghi-jkl-yz,Technical screen for Frontend Developer. Verify experience in SQL.,2024-05-17 11:35:00
311,311,Louis Litt,Remote,2024-05-31,12:45:00,Cancelled,https://meet.google.com/ghi-pqr-vwx,Technical screen for QA Lead. Verify experience in Java.,2024-05-20 04:16:00
312,312,Donna Paulsen,On-Site,2024-02-22,17:30:00,Completed,https://meet.google.com/def-mno-stu,Technical screen for Technical Lead. Verify experience in SQL.,2024-02-16 23:01:00
313,313,Alice Vance,Hybrid,2024-03-27,14:30:00,Completed,https://meet.google.com/abc-mno-stu,Technical screen for Systems Admin. Verify experience in SQL.,2024-03-16 11:43:00
314,314,Rachel Zane,On-Site,2024-04-04,13:30:00,Scheduled,https://meet.google.com/abc-mno-stu,Technical screen for Cloud Architect. Verify experience in Java.,2024-04-01 07:33:00
315,315,Rachel Zane,Hybrid,2024-03-08,09:00:00,Cancelled,https://meet.google.com/abc-jkl-yz,Technical screen for Security Analyst. Verify experience in Python.,2024-03-02 12:11:00
316,316,Donna Paulsen,Remote,2024-04-19,12:15:00,In Progress,https://meet.google.com/abc-mno-stu,Technical screen for HR Specialist. Verify experience in SQL.,2024-04-15 16:46:00
317,317,Louis Litt,On-Site,2024-02-11,14:45:00,Completed,https://meet.google.com/ghi-jkl-yz,Technical screen for Software Engineer. Verify experience in Java.,2024-01-30 01:25:00
318,318,Robert Thorne,In-Person,2024-02-11,10:45:00,Completed,https://meet.google.com/ghi-jkl-yz,Technical screen for Site Reliability Engineer. Verify experience in Cloud.,2024-01-29 04:03:00
319,319,Donna Paulsen,Remote,2024-03-09,08:00:00,Scheduled,https://meet.google.com/ghi-mno-vwx,Technical screen for Full Stack Dev. Verify experience in SQL.,2024-02-25 18:19:00
320,320,Michael Scott,On-Site,2024-03-08,13:45:00,Scheduled,https://meet.google.com/abc-mno-vwx,Technical screen for Data Scientist. Verify experience in Java.,2024-02-27 09:11:00
321,321,Linda Belcher,On-Site,2024-03-12,17:15:00,In Progress,https://meet.google.com/ghi-mno-yz,Technical screen for Data Analyst. Verify experience in SQL.,2024-03-04 12:17:00
322,322,Louis Litt,In-Person,2024-05-11,12:00:00,Cancelled,https://meet.google.com/abc-pqr-yz,Technical screen for Frontend Developer. Verify experience in SQL.,2024-05-01 20:50:00
323,323,Linda Belcher,In-Person,2024-06-06,12:00:00,Completed,https://meet.google.com/ghi-pqr-vwx,Technical screen for Systems Admin. Verify experience in Cloud.,2024-05-24 04:53:00
324,324,Robert Thorne,In-Person,2024-05-17,09:15:00,Scheduled,https://meet.google.com/abc-pqr-vwx,Technical screen for Product Manager. Verify experience in Java.,2024-05-10 07:29:00
325,325,Sarah Jenkins,Hybrid,2024-02-12,12:30:00,Completed,https://meet.google.com/def-pqr-stu,Technical screen for Backend Developer. Verify experience in Java.,2024-02-07 22:39:00
326,326,Jessica Pearson,Remote,2024-05-29,14:15:00,Completed,https://meet.google.com/ghi-mno-yz,Technical screen for QA Lead. Verify experience in Python.,2024-05-22 09:49:00
327,327,Jessica Pearson,Hybrid,2024-03-29,17:45:00,Completed,https://meet.google.com/def-pqr-yz,Technical screen for DevOps Engineer. Verify experience in Java.,2024-03-20 16:46:00
328,328,Michael Scott,In-Person,2024-03-19,17:45:00,Completed,https://meet.google.com/abc-jkl-yz,Technical screen for Site Reliability Engineer. Verify experience in SQL.,2024-03-12 00:09:00
329,329,Linda Belcher,Remote,2024-04-26,14:45:00,Completed,https://meet.google.com/def-pqr-vwx,Technical screen for Data Analyst. Verify experience in Python.,2024-04-15 11:17:00
330,330,Robert Thorne,Remote,2024-03-12,14:30:00,Scheduled,https://meet.google.com/def-mno-yz,Technical screen for Frontend Developer. Verify experience in Python.,2024-03-04 04:05:00
331,331,Michael Scott,Remote,2024-05-05,14:30:00,Completed,https://meet.google.com/ghi-mno-yz,Technical screen for Frontend Developer. Verify experience in Java.,2024-04-30 22:22:00
332,332,Harvey Specter,On-Site,2024-04-06,12:45:00,Scheduled,https://meet.google.com/ghi-jkl-yz,Technical screen for ML Engineer. Verify experience in Cloud.,2024-04-04 07:59:00
333,333,Donna Paulsen,In-Person,2024-04-05,14:15:00,Scheduled,https://meet.google.com/ghi-jkl-stu,Technical screen for QA Lead. Verify experience in SQL.,2024-03-23 08:42:00
334,334,Michael Scott,On-Site,2024-05-11,11:00:00,Completed,https://meet.google.com/def-pqr-yz,Technical screen for Mobile Developer. Verify experience in Cloud.,2024-05-07 12:14:00
335,335,Sarah Jenkins,On-Site,2024-03-12,09:45:00,Completed,https://meet.google.com/abc-mno-stu,Technical screen for HR Specialist. Verify experience in SQL.,2024-02-29 00:17:00
336,336,Alice Vance,In-Person,2024-02-17,10:30:00,Completed,https://meet.google.com/abc-pqr-stu,Technical screen for Site Reliability Engineer. Verify experience in SQL.,2024-02-11 04:52:00
337,337,Jessica Pearson,In-Person,2024-06-09,13:45:00,Completed,https://meet.google.com/def-mno-stu,Technical screen for QA Lead. Verify experience in SQL.,2024-05-28 11:55:00
338,338,Louis Litt,Hybrid,2024-05-26,14:30:00,Completed,https://meet.google.com/abc-pqr-stu,Technical screen for Technical Lead. Verify experience in SQL.,2024-05-15 11:58:00
339,339,Alice Vance,On-Site,2024-01-19,14:00:00,Scheduled,https://meet.google.com/ghi-mno-yz,Technical screen for HR Specialist. Verify experience in Java.,2024-01-14 15:13:00
340,340,Michael Scott,In-Person,2024-03-19,14:30:00,Scheduled,https://meet.google.com/abc-jkl-stu,Technical screen for HR Specialist. Verify experience in Cloud.,2024-03-07 13:43:00
341,341,Harvey Specter,On-Site,2024-02-29,16:45:00,Cancelled,https://meet.google.com/ghi-pqr-yz,Technical screen for Full Stack Dev. Verify experience in SQL.,2024-02-19 23:20:00
342,342,Alice Vance,On-Site,2024-05-27,13:30:00,Completed,https://meet.google.com/def-jkl-stu,Technical screen for HR Specialist. Verify experience in Java.,2024-05-18 06:20:00
343,343,Robert Thorne,Hybrid,2024-05-24,12:45:00,Completed,https://meet.google.com/ghi-jkl-vwx,Technical screen for Data Scientist. Verify experience in Java.,2024-05-13 12:19:00
344,344,Robert Thorne,In-Person,2024-03-21,14:00:00,Completed,https://meet.google.com/abc-mno-yz,Technical screen for Full Stack Dev. Verify experience in Python.,2024-03-09 02:53:00
345,345,Harvey Specter,On-Site,2024-06-04,16:15:00,Completed,https://meet.google.com/def-jkl-yz,Technical screen for Frontend Developer. Verify experience in Java.,2024-05-29 22:25:00
346,346,Jessica Pearson,In-Person,2024-06-07,16:15:00,Scheduled,https://meet.google.com/def-pqr-yz,Technical screen for Cloud Architect. Verify experience in Cloud.,2024-06-05 07:50:00
347,347,Alice Vance,On-Site,2024-02-02,09:30:00,Completed,https://meet.google.com/def-pqr-stu,Technical screen for Frontend Developer. Verify experience in Python.,2024-01-24 04:24:00
348,348,Harvey Specter,Remote,2024-04-13,17:45:00,Scheduled,https://meet.google.com/def-jkl-yz,Technical screen for UX Designer. Verify experience in Java.,2024-04-09 09:11:00
349,349,Linda Belcher,Remote,2024-01-25,16:00:00,Cancelled,https://meet.google.com/abc-pqr-vwx,Technical screen for Site Reliability Engineer. Verify experience in SQL.,2024-01-19 18:47:00
350,350,Sarah Jenkins,In-Person,2024-03-24,11:30:00,Completed,https://meet.google.com/abc-pqr-vwx,Technical screen for UX Designer. Verify experience in SQL.,2024-03-11 19:56:00
351,351,Linda Belcher,On-Site,2024-03-21,14:15:00,Completed,https://meet.google.com/ghi-mno-yz,Technical screen for Mobile Developer. Verify experience in Cloud.,2024-03-15 18:01:00
352,352,Sarah Jenkins,In-Person,2024-03-03,12:15:00,Completed,https://meet.google.com/abc-pqr-yz,Technical screen for Technical Lead. Verify experience in Cloud.,2024-02-21 17:20:00
353,353,Linda Belcher,Remote,2024-03-06,14:30:00,Scheduled,https://meet.google.com/def-pqr-vwx,Technical screen for Project Coordinator. Verify experience in Java.,2024-02-22 22:26:00
354,354,Louis Litt,Hybrid,2024-06-06,10:00:00,Completed,https://meet.google.com/abc-pqr-stu,Technical screen for Cloud Architect. Verify experience in Cloud.,2024-05-25 19:23:00
355,355,Jessica Pearson,In-Person,2024-03-22,11:15:00,Completed,https://meet.google.com/ghi-jkl-yz,Technical screen for Data Analyst. Verify experience in SQL.,2024-03-17 03:24:00
356,356,Rachel Zane,Remote,2024-02-10,16:45:00,Cancelled,https://meet.google.com/def-jkl-stu,Technical screen for DevOps Engineer. Verify experience in Python.,2024-02-02 12:15:00
357,357,Michael Scott,Hybrid,2024-05-21,15:45:00,Scheduled,https://meet.google.com/abc-mno-vwx,Technical screen for Backend Developer. Verify experience in Python.,2024-05-14 21:08:00
358,358,Jessica Pearson,Remote,2024-01-06,16:45:00,Scheduled,https://meet.google.com/abc-pqr-vwx,Technical screen for Systems Admin. Verify experience in Python.,2024-01-03 19:55:00
359,359,Michael Scott,Hybrid,2024-05-08,08:45:00,Completed,https://meet.google.com/def-pqr-stu,Technical screen for Cloud Architect. Verify experience in Python.,2024-04-26 23:40:00
360,360,Sarah Jenkins,In-Person,2024-02-01,15:30:00,Completed,https://meet.google.com/ghi-pqr-stu,Technical screen for UX Designer. Verify experience in Cloud.,2024-01-27 23:52:00
361,361,Harvey Specter,Remote,2024-02-22,14:00:00,Completed,https://meet.google.com/ghi-mno-stu,Technical screen for Project Coordinator. Verify experience in Java.,2024-02-11 00:04:00
362,362,Jessica Pearson,In-Person,2024-02-14,15:45:00,Completed,https://meet.google.com/ghi-jkl-stu,Technical screen for Security Analyst. Verify experience in Java.,2024-01-31 16:19:00
363,363,Harvey Specter,On-Site,2024-04-07,10:45:00,Completed,https://meet.google.com/ghi-jkl-yz,Technical screen for UX Designer. Verify experience in Java.,2024-04-04 18:21:00
364,364,Harvey Specter,Remote,2024-01-23,09:00:00,Completed,https://meet.google.com/ghi-jkl-yz,Technical screen for Backend Developer. Verify experience in Java.,2024-01-19 13:13:00
365,365,Michael Scott,Hybrid,2024-03-06,09:00:00,Completed,https://meet.google.com/def-jkl-stu,Technical screen for Frontend Developer. Verify experience in Java.,2024-03-04 05:21:00
366,366,Rachel Zane,On-Site,2024-05-14,09:45:00,Completed,https://meet.google.com/abc-jkl-stu,Technical screen for Data Analyst. Verify experience in Java.,2024-05-09 07:35:00
367,367,Robert Thorne,Hybrid,2024-01-08,11:30:00,Completed,https://meet.google.com/ghi-pqr-vwx,Technical screen for Project Coordinator. Verify experience in SQL.,2024-01-05 10:55:00
368,368,Michael Scott,On-Site,2024-02-24,17:15:00,Completed,https://meet.google.com/abc-pqr-vwx,Technical screen for Data Scientist. Verify experience in SQL.,2024-02-15 15:18:00
369,369,Jessica Pearson,In-Person,2024-03-06,13:30:00,Completed,https://meet.google.com/def-pqr-stu,Technical screen for Full Stack Dev. Verify experience in Java.,2024-03-03 04:21:00
370,370,Sarah Jenkins,Remote,2024-04-24,14:30:00,Completed,https://meet.google.com/ghi-pqr-yz,Technical screen for Backend Developer. Verify experience in SQL.,2024-04-15 04:42:00
371,371,Alice Vance,On-Site,2024-01-29,14:15:00,Completed,https://meet.google.com/ghi-jkl-stu,Technical screen for Project Coordinator. Verify experience in Java.,2024-01-17 18:17:00
372,372,Sarah Jenkins,Remote,2024-04-28,17:45:00,Completed,https://meet.google.com/abc-jkl-vwx,Technical screen for DevOps Engineer. Verify experience in Java.,2024-04-26 02:37:00
373,373,Alice Vance,Remote,2024-05-01,15:15:00,Completed,https://meet.google.com/def-mno-stu,Technical screen for Data Analyst. Verify experience in Java.,2024-04-19 08:58:00
374,374,Louis Litt,Remote,2024-02-23,14:00:00,Cancelled,https://meet.google.com/ghi-pqr-yz,Technical screen for Frontend Developer. Verify experience in SQL.,2024-02-17 07:18:00
375,375,Jessica Pearson,Hybrid,2024-05-02,16:00:00,Completed,https://meet.google.com/abc-jkl-yz,Technical screen for Frontend Developer. Verify experience in Java.,2024-04-21 20:10:00
376,376,Sarah Jenkins,On-Site,2024-02-19,11:00:00,Completed,https://meet.google.com/abc-pqr-stu,Technical screen for Full Stack Dev. Verify experience in SQL.,2024-02-07 04:36:00
377,377,Rachel Zane,Remote,2024-01-30,11:30:00,Cancelled,https://meet.google.com/def-jkl-stu,Technical screen for HR Specialist. Verify experience in Python.,2024-01-20 00:00:00
378,378,Robert Thorne,In-Person,2024-04-09,13:30:00,Completed,https://meet.google.com/abc-jkl-vwx,Technical screen for Data Analyst. Verify experience in Cloud.,2024-04-02 22:26:00
379,379,Linda Belcher,On-Site,2024-03-12,17:45:00,Scheduled,https://meet.google.com/def-mno-stu,Technical screen for DevOps Engineer. Verify experience in Java.,2024-02-28 18:20:00
380,380,Harvey Specter,Hybrid,2024-04-05,17:00:00,Completed,https://meet.google.com/ghi-jkl-stu,Technical screen for Project Coordinator. Verify experience in Python.,2024-04-01 00:33:00
381,381,Rachel Zane,Remote,2024-04-30,09:45:00,Completed,https://meet.google.com/def-pqr-stu,Technical screen for Software Engineer. Verify experience in Cloud.,2024-04-18 02:53:00
382,382,Sarah Jenkins,In-Person,2024-04-28,08:45:00,Cancelled,https://meet.google.com/abc-mno-yz,Technical screen for Mobile Developer. Verify experience in Python.,2024-04-23 18:28:00
383,383,Rachel Zane,In-Person,2024-06-05,09:45:00,Completed,https://meet.google.com/def-pqr-stu,Technical screen for Project Coordinator. Verify experience in Python.,2024-05-25 02:35:00
384,384,Louis Litt,Hybrid,2024-04-06,12:30:00,Completed,https://meet.google.com/def-mno-stu,Technical screen for Data Scientist. Verify experience in Python.,2024-03-28 05:10:00
385,385,Harvey Specter,On-Site,2024-05-15,09:30:00,Completed,https://meet.google.com/def-jkl-stu,Technical screen for Full Stack Dev. Verify experience in SQL.,2024-05-06 14:57:00
386,386,Sarah Jenkins,On-Site,2024-03-20,13:15:00,Completed,https://meet.google.com/def-jkl-yz,Technical screen for Product Manager. Verify experience in Cloud.,2024-03-09 22:22:00
387,387,Sarah Jenkins,On-Site,2024-03-27,10:00:00,Completed,https://meet.google.com/def-pqr-vwx,Technical screen for Backend Developer. Verify experience in Python.,2024-03-17 02:11:00
388,388,Rachel Zane,On-Site,2024-06-06,10:00:00,Completed,https://meet.google.com/abc-pqr-vwx,Technical screen for Security Analyst. Verify experience in SQL.,2024-06-01 20:47:00
389,389,Sarah Jenkins,On-Site,2024-04-28,15:30:00,Completed,https://meet.google.com/abc-jkl-vwx,Technical screen for Data Scientist. Verify experience in Cloud.,2024-04-21 01:11:00
390,390,Michael Scott,Remote,2024-03-24,15:45:00,Completed,https://meet.google.com/ghi-mno-stu,Technical screen for Systems Admin. Verify experience in Python.,2024-03-19 04:46:00
391,391,Michael Scott,Hybrid,2024-05-09,11:30:00,Completed,https://meet.google.com/abc-jkl-vwx,Technical screen for Software Engineer. Verify experience in Python.,2024-05-03 01:45:00
392,392,Donna Paulsen,On-Site,2024-02-09,17:45:00,Completed,https://meet.google.com/ghi-mno-vwx,Technical screen for DevOps Engineer. Verify experience in Cloud.,2024-01-28 04:55:00
393,393,Robert Thorne,In-Person,2024-02-24,14:45:00,Scheduled,https://meet.google.com/def-jkl-stu,Technical screen for Mobile Developer. Verify experience in Cloud.,2024-02-17 02:06:00
394,394,Robert Thorne,Hybrid,2024-04-11,12:15:00,Completed,https://meet.google.com/ghi-mno-stu,Technical screen for Frontend Developer. Verify experience in SQL.,2024-04-07 10:06:00
395,395,Jessica Pearson,Remote,2024-01-27,14:30:00,In Progress,https://meet.google.com/abc-jkl-vwx,Technical screen for UX Designer. Verify experience in SQL.,2024-01-18 09:47:00
396,396,Louis Litt,Hybrid,2024-06-05,10:30:00,Completed,https://meet.google.com/abc-mno-stu,Technical screen for Technical Lead. Verify experience in Java.,2024-05-23 01:34:00
397,397,Sarah Jenkins,Hybrid,2024-01-18,12:45:00,Completed,https://meet.google.com/abc-pqr-stu,Technical screen for Mobile Developer. Verify experience in Python.,2024-01-11 05:11:00
398,398,Robert Thorne,In-Person,2024-02-14,12:45:00,Completed,https://meet.google.com/ghi-pqr-yz,Technical screen for Data Scientist. Verify experience in Cloud.,2024-02-04 19:58:00
399,399,Alice Vance,In-Person,2024-06-08,16:30:00,Completed,https://meet.google.com/ghi-pqr-vwx,Technical screen for Backend Developer. Verify experience in Python.,2024-05-31 10:34:00
400,400,Linda Belcher,Hybrid,2024-04-08,15:00:00,Completed,https://meet.google.com/ghi-jkl-yz,Technical screen for Data Analyst. Verify experience in Python.,2024-03-29 00:08:00
401,401,Linda Belcher,Hybrid,2024-03-09,14:15:00,Completed,https://meet.google.com/ghi-pqr-vwx,Technical screen for Security Analyst. Verify experience in Python.,2024-02-29 06:42:00
402,402,Alice Vance,Hybrid,2024-03-12,11:45:00,Completed,https://meet.google.com/ghi-jkl-vwx,Technical screen for Cloud Architect. Verify experience in Java.,2024-03-02 10:48:00
403,403,Harvey Specter,In-Person,2024-02-26,14:00:00,Scheduled,https://meet.google.com/ghi-jkl-stu,Technical screen for Business Analyst. Verify experience in SQL.,2024-02-15 14:34:00
404,404,Linda Belcher,Hybrid,2024-04-11,13:15:00,Completed,https://meet.google.com/def-mno-vwx,Technical screen for Project Coordinator. Verify experience in Python.,2024-04-01 14:11:00
405,405,Jessica Pearson,On-Site,2024-03-04,10:00:00,Completed,https://meet.google.com/def-pqr-yz,Technical screen for Backend Developer. Verify experience in SQL.,2024-02-27 09:15:00
406,406,Louis Litt,On-Site,2024-01-29,08:00:00,In Progress,https://meet.google.com/abc-mno-vwx,Technical screen for Full Stack Dev. Verify experience in Python.,2024-01-19 01:14:00
407,407,Jessica Pearson,Hybrid,2024-04-26,10:30:00,Completed,https://meet.google.com/abc-jkl-yz,Technical screen for Backend Developer. Verify experience in Java.,2024-04-13 09:41:00
408,408,Donna Paulsen,Hybrid,2024-05-19,14:45:00,Completed,https://meet.google.com/def-mno-vwx,Technical screen for Product Manager. Verify experience in Java.,2024-05-16 08:20:00
409,409,Jessica Pearson,On-Site,2024-04-07,08:45:00,In Progress,https://meet.google.com/abc-jkl-vwx,Technical screen for Cloud Architect. Verify experience in Cloud.,2024-04-03 14:06:00
410,410,Sarah Jenkins,Remote,2024-04-16,08:45:00,In Progress,https://meet.google.com/def-jkl-vwx,Technical screen for Business Analyst. Verify experience in Python.,2024-04-13 16:58:00
411,411,Robert Thorne,Hybrid,2024-05-08,15:15:00,Completed,https://meet.google.com/abc-jkl-stu,Technical screen for Security Analyst. Verify experience in Python.,2024-05-03 21:23:00
412,412,Jessica Pearson,Remote,2024-04-27,16:45:00,Scheduled,https://meet.google.com/ghi-mno-vwx,Technical screen for Project Coordinator. Verify experience in SQL.,2024-04-24 10:56:00
413,413,Sarah Jenkins,In-Person,2024-02-20,14:30:00,Completed,https://meet.google.com/abc-jkl-yz,Technical screen for Business Analyst. Verify experience in Cloud.,2024-02-07 07:45:00
414,414,Donna Paulsen,In-Person,2024-02-11,15:45:00,Completed,https://meet.google.com/def-jkl-yz,Technical screen for Backend Developer. Verify experience in Cloud.,2024-02-01 13:41:00
415,415,Michael Scott,On-Site,2024-02-14,13:00:00,Cancelled,https://meet.google.com/def-pqr-stu,Technical screen for Project Coordinator. Verify experience in Java.,2024-02-01 16:28:00
416,416,Donna Paulsen,On-Site,2024-01-28,14:15:00,Scheduled,https://meet.google.com/abc-mno-stu,Technical screen for Full Stack Dev. Verify experience in Python.,2024-01-23 15:22:00
417,417,Sarah Jenkins,In-Person,2024-03-08,14:45:00,In Progress,https://meet.google.com/abc-mno-yz,Technical screen for Security Analyst. Verify experience in Python.,2024-03-06 09:03:00
418,418,Alice Vance,Hybrid,2024-05-19,15:00:00,Completed,https://meet.google.com/def-jkl-stu,Technical screen for Product Manager. Verify experience in SQL.,2024-05-11 00:09:00
419,419,Sarah Jenkins,Remote,2024-04-11,15:45:00,Completed,https://meet.google.com/def-pqr-yz,Technical screen for Security Analyst. Verify experience in Python.,2024-03-29 13:00:00
420,420,Donna Paulsen,Remote,2024-06-01,10:15:00,Completed,https://meet.google.com/abc-pqr-stu,Technical screen for Project Coordinator. Verify experience in Python.,2024-05-30 03:21:00
421,421,Michael Scott,In-Person,2024-03-24,08:30:00,Completed,https://meet.google.com/def-mno-vwx,Technical screen for Project Coordinator. Verify experience in Java.,2024-03-13 00:52:00
422,422,Sarah Jenkins,Hybrid,2024-05-15,09:15:00,Completed,https://meet.google.com/abc-jkl-yz,Technical screen for Security Analyst. Verify experience in Java.,2024-05-05 03:34:00
423,423,Linda Belcher,Remote,2024-02-08,12:45:00,Completed,https://meet.google.com/abc-mno-stu,Technical screen for Full Stack Dev. Verify experience in Cloud.,2024-01-28 08:26:00
424,424,Linda Belcher,Hybrid,2024-05-05,09:15:00,Completed,https://meet.google.com/def-mno-yz,Technical screen for Product Manager. Verify experience in SQL.,2024-04-23 13:22:00
425,425,Michael Scott,In-Person,2024-05-09,12:15:00,Completed,https://meet.google.com/ghi-mno-stu,Technical screen for Security Analyst. Verify experience in SQL.,2024-04-28 21:40:00
426,426,Sarah Jenkins,Hybrid,2024-03-19,12:30:00,Cancelled,https://meet.google.com/abc-pqr-yz,Technical screen for Project Coordinator. Verify experience in Java.,2024-03-08 09:06:00
427,427,Robert Thorne,On-Site,2024-03-15,11:30:00,Cancelled,https://meet.google.com/def-mno-stu,Technical screen for Security Analyst. Verify experience in Java.,2024-03-10 05:14:00
428,428,Linda Belcher,Hybrid,2024-05-01,17:15:00,Completed,https://meet.google.com/def-jkl-yz,Technical screen for Frontend Developer. Verify experience in Python.,2024-04-24 02:15:00
429,429,Donna Paulsen,On-Site,2024-03-26,13:15:00,Completed,https://meet.google.com/def-mno-yz,Technical screen for ML Engineer. Verify experience in Java.,2024-03-22 22:32:00
430,430,Jessica Pearson,In-Person,2024-02-19,10:45:00,Cancelled,https://meet.google.com/abc-jkl-yz,Technical screen for Project Coordinator. Verify experience in Cloud.,2024-02-17 08:22:00
431,431,Louis Litt,In-Person,2024-01-17,15:15:00,Completed,https://meet.google.com/def-pqr-vwx,Technical screen for Business Analyst. Verify experience in Python.,2024-01-07 16:41:00
432,432,Linda Belcher,Hybrid,2024-05-09,15:30:00,In Progress,https://meet.google.com/def-mno-yz,Technical screen for Software Engineer. Verify experience in Cloud.,2024-04-26 09:55:00
433,433,Linda Belcher,In-Person,2024-05-25,08:00:00,In Progress,https://meet.google.com/abc-mno-vwx,Technical screen for UX Designer. Verify experience in Cloud.,2024-05-19 07:38:00
434,434,Linda Belcher,Hybrid,2024-04-24,14:30:00,Scheduled,https://meet.google.com/abc-pqr-stu,Technical screen for Frontend Developer. Verify experience in Cloud.,2024-04-11 09:44:00
435,435,Donna Paulsen,In-Person,2024-02-05,14:45:00,Completed,https://meet.google.com/abc-mno-yz,Technical screen for Site Reliability Engineer. Verify experience in SQL.,2024-01-26 05:12:00
436,436,Harvey Specter,On-Site,2024-02-24,12:30:00,Completed,https://meet.google.com/def-mno-vwx,Technical screen for DevOps Engineer. Verify experience in Cloud.,2024-02-12 17:12:00
437,437,Linda Belcher,On-Site,2024-02-28,15:15:00,Completed,https://meet.google.com/def-jkl-stu,Technical screen for Security Analyst. Verify experience in Java.,2024-02-20 05:39:00
438,438,Sarah Jenkins,In-Person,2024-03-25,14:15:00,In Progress,https://meet.google.com/abc-mno-stu,Technical screen for Data Scientist. Verify experience in Python.,2024-03-14 15:30:00
439,439,Louis Litt,Remote,2024-05-09,13:45:00,Completed,https://meet.google.com/ghi-jkl-vwx,Technical screen for Business Analyst. Verify experience in SQL.,2024-04-25 22:33:00
440,440,Jessica Pearson,In-Person,2024-04-06,14:15:00,In Progress,https://meet.google.com/def-mno-vwx,Technical screen for Full Stack Dev. Verify experience in Python.,2024-03-26 13:41:00
441,441,Alice Vance,Remote,2024-03-27,08:30:00,In Progress,https://meet.google.com/def-jkl-yz,Technical screen for Frontend Developer. Verify experience in Python.,2024-03-14 02:08:00
442,442,Alice Vance,In-Person,2024-04-21,13:45:00,In Progress,https://meet.google.com/abc-mno-vwx,Technical screen for Backend Developer. Verify experience in Cloud.,2024-04-13 04:01:00
443,443,Rachel Zane,On-Site,2024-02-06,12:45:00,Cancelled,https://meet.google.com/abc-pqr-stu,Technical screen for HR Specialist. Verify experience in SQL.,2024-01-26 22:42:00
444,444,Rachel Zane,On-Site,2024-05-04,12:00:00,Cancelled,https://meet.google.com/def-jkl-yz,Technical screen for Project Coordinator. Verify experience in Python.,2024-04-23 19:30:00
445,445,Alice Vance,Hybrid,2024-06-02,08:00:00,Completed,https://meet.google.com/ghi-pqr-vwx,Technical screen for Technical Lead. Verify experience in Cloud.,2024-05-20 21:23:00
446,446,Linda Belcher,Remote,2024-01-17,16:15:00,Scheduled,https://meet.google.com/ghi-pqr-yz,Technical screen for Security Analyst. Verify experience in SQL.,2024-01-08 02:04:00
447,447,Alice Vance,Hybrid,2024-01-29,08:45:00,Cancelled,https://meet.google.com/ghi-mno-stu,Technical screen for QA Lead. Verify experience in SQL.,2024-01-26 07:21:00
448,448,Donna Paulsen,Remote,2024-04-29,12:45:00,Completed,https://meet.google.com/def-mno-stu,Technical screen for Backend Developer. Verify experience in SQL.,2024-04-25 16:37:00
449,449,Harvey Specter,On-Site,2024-05-19,09:15:00,Completed,https://meet.google.com/def-pqr-stu,Technical screen for DevOps Engineer. Verify experience in Cloud.,2024-05-14 17:51:00
450,450,Louis Litt,On-Site,2024-01-29,14:00:00,Completed,https://meet.google.com/abc-pqr-yz,Technical screen for Frontend Developer. Verify experience in Java.,2024-01-16 03:56:00
451,451,Sarah Jenkins,In-Person,2024-03-20,11:00:00,Completed,https://meet.google.com/abc-jkl-stu,Technical screen for QA Lead. Verify experience in Cloud.,2024-03-11 23:37:00
452,452,Donna Paulsen,Remote,2024-03-31,12:15:00,Completed,https://meet.google.com/def-pqr-stu,Technical screen for Technical Lead. Verify experience in Python.,2024-03-23 13:55:00
453,453,Jessica Pearson,Hybrid,2024-05-27,16:30:00,Scheduled,https://meet.google.com/ghi-mno-vwx,Technical screen for Software Engineer. Verify experience in Cloud.,2024-05-14 18:08:00
454,454,Harvey Specter,Remote,2024-02-09,12:45:00,Completed,https://meet.google.com/ghi-jkl-stu,Technical screen for Cloud Architect. Verify experience in Python.,2024-01-28 00:42:00
455,455,Rachel Zane,Remote,2024-06-10,13:30:00,Completed,https://meet.google.com/ghi-jkl-vwx,Technical screen for Technical Lead. Verify experience in Python.,2024-06-02 02:38:00
456,456,Jessica Pearson,In-Person,2024-05-29,10:15:00,Scheduled,https://meet.google.com/abc-mno-yz,Technical screen for Software Engineer. Verify experience in SQL.,2024-05-20 22:43:00
457,457,Michael Scott,In-Person,2024-01-29,12:30:00,Cancelled,https://meet.google.com/abc-jkl-stu,Technical screen for DevOps Engineer. Verify experience in Python.,2024-01-19 14:21:00
458,458,Linda Belcher,Remote,2024-01-28,15:15:00,Completed,https://meet.google.com/def-pqr-yz,Technical screen for Systems Admin. Verify experience in Cloud.,2024-01-22 09:18:00
459,459,Alice Vance,In-Person,2024-05-31,11:30:00,Completed,https://meet.google.com/abc-pqr-yz,Technical screen for DevOps Engineer. Verify experience in Java.,2024-05-24 00:58:00
460,460,Jessica Pearson,On-Site,2024-05-09,11:45:00,Scheduled,https://meet.google.com/abc-mno-yz,Technical screen for Site Reliability Engineer. Verify experience in SQL.,2024-04-28 18:43:00
461,461,Jessica Pearson,Hybrid,2024-05-01,13:15:00,Completed,https://meet.google.com/abc-pqr-vwx,Technical screen for Product Manager. Verify experience in Java.,2024-04-18 17:56:00
462,462,Linda Belcher,Hybrid,2024-05-02,15:15:00,Completed,https://meet.google.com/def-pqr-vwx,Technical screen for Backend Developer. Verify experience in Python.,2024-04-28 07:25:00
463,463,Louis Litt,In-Person,2024-03-05,08:45:00,Completed,https://meet.google.com/def-pqr-stu,Technical screen for QA Lead. Verify experience in SQL.,2024-02-26 03:50:00
464,464,Robert Thorne,In-Person,2024-01-22,09:30:00,Completed,https://meet.google.com/abc-mno-stu,Technical screen for Data Scientist. Verify experience in Python.,2024-01-16 02:17:00
465,465,Alice Vance,Hybrid,2024-05-12,17:45:00,Completed,https://meet.google.com/ghi-pqr-vwx,Technical screen for Data Scientist. Verify experience in Cloud.,2024-05-08 00:17:00
466,466,Linda Belcher,Remote,2024-02-04,17:45:00,Scheduled,https://meet.google.com/abc-jkl-stu,Technical screen for Frontend Developer. Verify experience in Java.,2024-01-29 09:26:00
467,467,Jessica Pearson,On-Site,2024-02-17,16:45:00,In Progress,https://meet.google.com/abc-mno-yz,Technical screen for Project Coordinator. Verify experience in Python.,2024-02-07 03:01:00
468,468,Louis Litt,Hybrid,2024-02-28,17:00:00,Completed,https://meet.google.com/def-jkl-stu,Technical screen for Technical Lead. Verify experience in Java.,2024-02-17 00:16:00
469,469,Rachel Zane,Hybrid,2024-05-24,12:15:00,In Progress,https://meet.google.com/ghi-jkl-vwx,Technical screen for Mobile Developer. Verify experience in Cloud.,2024-05-17 23:39:00
470,470,Michael Scott,Remote,2024-04-13,08:30:00,Completed,https://meet.google.com/ghi-mno-vwx,Technical screen for Software Engineer. Verify experience in SQL.,2024-04-05 02:41:00
471,471,Rachel Zane,In-Person,2024-04-24,14:15:00,Cancelled,https://meet.google.com/abc-mno-stu,Technical screen for UX Designer. Verify experience in Java.,2024-04-17 00:01:00
472,472,Alice Vance,Remote,2024-03-10,13:45:00,Completed,https://meet.google.com/def-jkl-vwx,Technical screen for Technical Lead. Verify experience in Python.,2024-03-07 20:41:00
473,473,Robert Thorne,Remote,2024-05-09,15:30:00,Scheduled,https://meet.google.com/def-jkl-vwx,Technical screen for Business Analyst. Verify experience in Python.,2024-05-01 20:10:00
474,474,Michael Scott,In-Person,2024-05-30,08:00:00,Completed,https://meet.google.com/ghi-jkl-stu,Technical screen for HR Specialist. Verify experience in Cloud.,2024-05-18 15:02:00
475,475,Alice Vance,In-Person,2024-05-17,08:15:00,In Progress,https://meet.google.com/ghi-pqr-stu,Technical screen for Backend Developer. Verify experience in Python.,2024-05-08 23:02:00
476,476,Harvey Specter,On-Site,2024-05-12,17:15:00,Completed,https://meet.google.com/abc-mno-yz,Technical screen for Security Analyst. Verify experience in Java.,2024-05-08 17:31:00
477,477,Linda Belcher,On-Site,2024-02-12,15:00:00,Completed,https://meet.google.com/def-mno-stu,Technical screen for Business Analyst. Verify experience in Java.,2024-02-08 23:13:00
478,478,Louis Litt,On-Site,2024-02-05,10:15:00,Completed,https://meet.google.com/def-jkl-stu,Technical screen for Data Analyst. Verify experience in Cloud.,2024-02-02 04:38:00
479,479,Donna Paulsen,In-Person,2024-02-26,16:00:00,Completed,https://meet.google.com/ghi-pqr-vwx,Technical screen for Frontend Developer. Verify experience in SQL.,2024-02-22 13:27:00
480,480,Linda Belcher,In-Person,2024-05-03,16:30:00,Completed,https://meet.google.com/abc-pqr-yz,Technical screen for Technical Lead. Verify experience in Cloud.,2024-04-30 10:16:00
481,481,Michael Scott,On-Site,2024-05-15,15:30:00,Completed,https://meet.google.com/ghi-jkl-vwx,Technical screen for Security Analyst. Verify experience in SQL.,2024-05-13 08:43:00
482,482,Donna Paulsen,On-Site,2024-03-02,16:45:00,Completed,https://meet.google.com/abc-mno-yz,Technical screen for Frontend Developer. Verify experience in Python.,2024-02-21 04:52:00
483,483,Robert Thorne,On-Site,2024-02-25,13:00:00,Completed,https://meet.google.com/def-jkl-yz,Technical screen for Technical Lead. Verify experience in SQL.,2024-02-11 16:29:00
484,484,Louis Litt,On-Site,2024-06-08,12:30:00,Completed,https://meet.google.com/abc-jkl-stu,Technical screen for Product Manager. Verify experience in Python.,2024-05-25 15:46:00
485,485,Harvey Specter,Remote,2024-04-07,10:30:00,Completed,https://meet.google.com/ghi-jkl-stu,Technical screen for Cloud Architect. Verify experience in Python.,2024-03-30 16:31:00
486,486,Robert Thorne,On-Site,2024-01-22,14:45:00,Completed,https://meet.google.com/abc-pqr-yz,Technical screen for Site Reliability Engineer. Verify experience in Cloud.,2024-01-11 18:59:00
487,487,Louis Litt,Hybrid,2024-04-28,17:30:00,Completed,https://meet.google.com/ghi-mno-yz,Technical screen for Security Analyst. Verify experience in SQL.,2024-04-20 10:38:00
488,488,Alice Vance,On-Site,2024-03-22,10:30:00,In Progress,https://meet.google.com/abc-mno-yz,Technical screen for Site Reliability Engineer. Verify experience in Java.,2024-03-12 00:17:00
489,489,Donna Paulsen,On-Site,2024-03-13,13:30:00,Completed,https://meet.google.com/abc-mno-vwx,Technical screen for Technical Lead. Verify experience in Java.,2024-03-03 18:43:00
490,490,Robert Thorne,On-Site,2024-05-28,13:45:00,Completed,https://meet.google.com/ghi-jkl-vwx,Technical screen for Data Analyst. Verify experience in Cloud.,2024-05-24 17:09:00
491,491,Alice Vance,On-Site,2024-02-01,12:45:00,Completed,https://meet.google.com/ghi-mno-vwx,Technical screen for Product Manager. Verify experience in SQL.,2024-01-21 13:17:00
492,492,Linda Belcher,In-Person,2024-03-20,12:00:00,Completed,https://meet.google.com/def-jkl-vwx,Technical screen for UX Designer. Verify experience in Python.,2024-03-11 08:31:00
493,493,Alice Vance,In-Person,2024-03-17,17:45:00,Completed,https://meet.google.com/abc-mno-yz,Technical screen for Software Engineer. Verify experience in Java.,2024-03-04 16:43:00
494,494,Jessica Pearson,In-Person,2024-03-06,14:00:00,Completed,https://meet.google.com/ghi-pqr-stu,Technical screen for UX Designer. Verify experience in Python.,2024-03-04 11:41:00
495,495,Linda Belcher,In-Person,2024-02-27,12:15:00,Scheduled,https://meet.google.com/ghi-jkl-yz,Technical screen for QA Lead. Verify experience in Python.,2024-02-21 06:46:00
496,496,Donna Paulsen,On-Site,2024-03-27,15:45:00,Completed,https://meet.google.com/abc-jkl-stu,Technical screen for Product Manager. Verify experience in Java.,2024-03-17 08:12:00
497,497,Jessica Pearson,Hybrid,2024-01-12,08:45:00,Completed,https://meet.google.com/ghi-pqr-stu,Technical screen for Systems Admin. Verify experience in Python.,2024-01-10 04:49:00
498,498,Robert Thorne,In-Person,2024-05-10,13:45:00,Completed,https://meet.google.com/abc-mno-vwx,Technical screen for Systems Admin. Verify experience in SQL.,2024-04-29 01:57:00
499,499,Linda Belcher,On-Site,2024-01-24,10:00:00,Cancelled,https://meet.google.com/ghi-jkl-yz,Technical screen for Backend Developer. Verify experience in Python.,2024-01-15 04:16:00
500,500,Robert Thorne,Hybrid,2024-05-20,10:45:00,Scheduled,https://meet.google.com/def-jkl-vwx,Technical screen for Security Analyst. Verify experience in Cloud.,2024-05-07 12:35:00
